"ind","polar","class1","class2"
18,-1,"汪淼","史强"
19,1,"汪淼","常伟思"
36,-1,"汪淼","史强"
42,-1,"汪淼","史强"
45,-1,"汪淼","史强"
45,-1,"汪淼","常伟思"
45,-1,"史强","常伟思"
46,-1,"汪淼","史强"
47,-1,"汪淼","史强"
48,-1,"史强","常伟思"
51,-1,"汪淼","史强"
51,-1,"汪淼","常伟思"
51,-1,"史强","常伟思"
54,1,"史强","常伟思"
65,-1,"汪淼","史强"
75,1,"汪淼","杨冬"
82,-1,"汪淼","史强"
83,1,"汪淼","史强"
87,1,"汪淼","杨冬"
87,1,"汪淼","丁仪"
87,1,"杨冬","丁仪"
88,-1,"汪淼","史强"
88,-1,"汪淼","杨冬"
88,-1,"汪淼","丁仪"
88,-1,"史强","杨冬"
88,-1,"史强","丁仪"
88,-1,"杨冬","丁仪"
95,1,"汪淼","常伟思"
97,-1,"史强","常伟思"
99,1,"汪淼","史强"
99,1,"汪淼","丁仪"
99,1,"汪淼","申玉菲"
99,1,"史强","丁仪"
99,1,"史强","申玉菲"
99,1,"丁仪","申玉菲"
104,-1,"汪淼","史强"
104,-1,"汪淼","常伟思"
104,-1,"史强","常伟思"
112,1,"汪淼","史强"
117,1,"汪淼","史强"
120,-1,"史强","常伟思"
127,1,"汪淼","史强"
127,1,"汪淼","常伟思"
127,1,"史强","常伟思"
145,1,"汪淼","丁仪"
146,-1,"汪淼","丁仪"
149,-1,"汪淼","杨冬"
149,-1,"汪淼","丁仪"
149,-1,"杨冬","丁仪"
151,-1,"汪淼","丁仪"
153,-1,"汪淼","杨冬"
153,-1,"汪淼","丁仪"
153,-1,"杨冬","丁仪"
162,-1,"汪淼","丁仪"
176,1,"汪淼","丁仪"
179,-1,"汪淼","丁仪"
184,1,"汪淼","丁仪"
193,-1,"汪淼","杨冬"
193,-1,"汪淼","丁仪"
193,-1,"杨冬","丁仪"
252,-1,"汪淼","豆豆"
260,1,"丁仪","申玉菲"
261,-1,"汪淼","申玉菲"
263,-1,"汪淼","申玉菲"
266,1,"汪淼","申玉菲"
267,1,"汪淼","魏成"
267,1,"汪淼","申玉菲"
267,1,"魏成","申玉菲"
268,-1,"汪淼","魏成"
269,-1,"汪淼","魏成"
271,-1,"汪淼","申玉菲"
285,1,"汪淼","申玉菲"
288,-1,"汪淼","申玉菲"
296,-1,"汪淼","潘寒"
296,-1,"汪淼","申玉菲"
296,-1,"潘寒","申玉菲"
307,-1,"汪淼","我的主"
323,1,"李瑶","豆豆"
348,-1,"汪淼","申玉菲"
359,-1,"汪淼","申玉菲"
382,-1,"汪淼","申玉菲"
392,1,"周文王","追随者"
392,1,"周文王","纣王"
392,1,"追随者","纣王"
394,1,"汪淼","周文王"
395,-1,"周文王","追随者"
400,-1,"汪淼","周文王"
400,-1,"汪淼","追随者"
400,-1,"周文王","追随者"
401,-1,"汪淼","追随者"
412,-1,"周文王","追随者"
415,1,"汪淼","周文王"
415,1,"汪淼","追随者"
415,1,"周文王","追随者"
424,1,"汪淼","周文王"
424,1,"汪淼","追随者"
424,1,"周文王","追随者"
425,-1,"汪淼","追随者"
438,-1,"汪淼","周文王"
438,-1,"汪淼","追随者"
438,-1,"周文王","追随者"
458,-1,"汪淼","周文王"
466,-1,"汪淼","周文王"
466,-1,"汪淼","纣王"
466,-1,"周文王","纣王"
467,-1,"汪淼","周文王"
467,-1,"汪淼","纣王"
467,-1,"周文王","纣王"
468,-1,"汪淼","纣王"
469,-1,"汪淼","周文王"
469,-1,"汪淼","纣王"
469,-1,"汪淼","伏羲"
469,-1,"周文王","纣王"
469,-1,"周文王","伏羲"
469,-1,"纣王","伏羲"
471,-1,"汪淼","纣王"
471,-1,"汪淼","伏羲"
471,-1,"纣王","伏羲"
480,1,"汪淼","周文王"
481,1,"周文王","纣王"
485,1,"汪淼","周文王"
486,1,"汪淼","周文王"
496,-1,"周文王","纣王"
500,-1,"汪淼","周文王"
500,-1,"汪淼","纣王"
500,-1,"周文王","纣王"
505,-1,"汪淼","周文王"
505,-1,"汪淼","追随者"
505,-1,"周文王","追随者"
513,-1,"汪淼","杨冬"
513,-1,"汪淼","丁仪"
513,-1,"杨冬","丁仪"
528,1,"汪淼","杨冬"
528,1,"汪淼","叶文洁"
528,1,"杨冬","叶文洁"
532,-1,"汪淼","叶文洁"
533,1,"汪淼","杨冬"
534,-1,"汪淼","杨冬"
535,-1,"汪淼","杨冬"
537,-1,"汪淼","杨冬"
539,1,"汪淼","杨冬"
539,1,"汪淼","叶文洁"
539,1,"杨冬","叶文洁"
547,-1,"汪淼","叶文洁"
550,-1,"汪淼","叶文洁"
551,-1,"汪淼","叶文洁"
555,1,"汪淼","叶文洁"
558,1,"汪淼","杨冬"
564,-1,"汪淼","沙瑞山"
570,-1,"汪淼","沙瑞山"
575,-1,"汪淼","叶文洁"
607,1,"红卫兵","叶哲泰"
607,1,"红卫兵","绍琳"
607,1,"叶哲泰","绍琳"
608,-1,"叶哲泰","绍琳"
617,-1,"红卫兵","叶哲泰"
618,-1,"红卫兵","叶哲泰"
619,-1,"红卫兵","叶哲泰"
619,-1,"红卫兵","绍琳"
619,-1,"叶哲泰","绍琳"
620,-1,"叶哲泰","绍琳"
622,-1,"叶哲泰","绍琳"
627,1,"红卫兵","叶哲泰"
627,1,"红卫兵","绍琳"
627,1,"叶哲泰","绍琳"
635,-1,"红卫兵","叶哲泰"
647,1,"红卫兵","叶哲泰"
662,1,"叶文洁","白沐霖"
670,-1,"马钢","叶文洁"
672,1,"叶文洁","白沐霖"
674,-1,"叶文洁","白沐霖"
689,1,"叶文洁","白沐霖"
707,1,"叶文洁","白沐霖"
709,-1,"叶文洁","白沐霖"
711,1,"叶文洁","白沐霖"
726,-1,"叶文洁","白沐霖"
734,1,"叶文洁","白沐霖"
746,1,"叶文洁","程丽华"
747,-1,"叶文洁","程丽华"
753,-1,"红卫兵","叶文洁"
753,-1,"红卫兵","叶文雪"
753,-1,"叶文洁","叶文雪"
767,1,"叶文洁","程丽华"
770,1,"叶文洁","叶文雪"
772,1,"叶文洁","绍琳"
772,1,"叶文洁","白沐霖"
772,1,"绍琳","白沐霖"
784,1,"杨卫宁","雷志成"
785,1,"叶文洁","叶哲泰"
785,1,"叶文洁","杨卫宁"
785,1,"叶哲泰","杨卫宁"
787,1,"叶文洁","杨卫宁"
797,-1,"叶文洁","杨卫宁"
797,-1,"叶文洁","雷志成"
797,-1,"杨卫宁","雷志成"
800,1,"叶文洁","杨卫宁"
800,1,"叶文洁","雷志成"
800,1,"杨卫宁","雷志成"
802,-1,"叶文洁","杨卫宁"
802,-1,"叶文洁","雷志成"
802,-1,"杨卫宁","雷志成"
803,-1,"叶文洁","程丽华"
803,-1,"叶文洁","杨卫宁"
803,-1,"程丽华","杨卫宁"
809,-1,"叶文洁","杨卫宁"
810,1,"叶文洁","杨卫宁"
812,1,"叶文洁","杨卫宁"
817,1,"叶文洁","杨卫宁"
855,1,"汪淼","沙瑞山"
858,-1,"汪淼","沙瑞山"
864,-1,"汪淼","沙瑞山"
865,-1,"汪淼","沙瑞山"
869,1,"汪淼","沙瑞山"
882,1,"汪淼","沙瑞山"
901,-1,"汪淼","东方延绪"
906,-1,"汪淼","史强"
908,-1,"汪淼","史强"
909,1,"汪淼","史强"
917,-1,"汪淼","史强"
924,1,"汪淼","史强"
946,1,"汪淼","史强"
955,-1,"汪淼","史强"
955,-1,"汪淼","常伟思"
955,-1,"史强","常伟思"
997,1,"汪淼","史强"
1001,-1,"汪淼","纣王"
1004,1,"汪淼","周文王"
1007,1,"周文王","墨子"
1009,1,"汪淼","墨子"
1013,1,"汪淼","墨子"
1026,-1,"汪淼","墨子"
1052,1,"汪淼","墨子"
1061,1,"汪淼","墨子"
1066,1,"汪淼","墨子"
1071,1,"汪淼","墨子"
1072,1,"汪淼","墨子"
1082,-1,"汪淼","墨子"
1089,-1,"汪淼","杨冬"
1089,-1,"汪淼","叶文洁"
1089,-1,"杨冬","叶文洁"
1090,1,"汪淼","叶文洁"
1094,1,"汪淼","叶文洁"
1094,1,"汪淼","沙瑞山"
1094,1,"叶文洁","沙瑞山"
1095,1,"汪淼","史强"
1102,1,"汪淼","叶文洁"
1117,1,"叶文洁","杨卫宁"
1117,1,"叶文洁","雷志成"
1117,1,"杨卫宁","雷志成"
1118,1,"叶文洁","雷志成"
1124,-1,"叶文洁","雷志成"
1131,-1,"叶文洁","杨卫宁"
1131,-1,"叶文洁","雷志成"
1131,-1,"杨卫宁","雷志成"
1133,1,"叶文洁","杨卫宁"
1133,1,"叶文洁","雷志成"
1133,1,"杨卫宁","雷志成"
1139,-1,"叶文洁","雷志成"
1140,-1,"杨卫宁","雷志成"
1144,1,"杨卫宁","雷志成"
1146,1,"叶文洁","杨卫宁"
1146,1,"叶文洁","雷志成"
1146,1,"杨卫宁","雷志成"
1147,-1,"叶文洁","雷志成"
1148,1,"叶文洁","雷志成"
1149,-1,"叶文洁","杨卫宁"
1149,-1,"叶文洁","雷志成"
1149,-1,"杨卫宁","雷志成"
1153,1,"叶文洁","杨卫宁"
1156,-1,"叶文洁","雷志成"
1157,1,"叶文洁","杨卫宁"
1162,1,"叶文洁","杨卫宁"
1164,-1,"叶文洁","杨卫宁"
1164,-1,"叶文洁","雷志成"
1164,-1,"杨卫宁","雷志成"
1167,-1,"汪淼","叶文洁"
1252,1,"汪淼","叶文洁"
1273,-1,"汪淼","杨冬"
1273,-1,"汪淼","叶文洁"
1273,-1,"汪淼","沙瑞山"
1273,-1,"汪淼","杨卫宁"
1273,-1,"汪淼","雷志成"
1273,-1,"杨冬","叶文洁"
1273,-1,"杨冬","沙瑞山"
1273,-1,"杨冬","杨卫宁"
1273,-1,"杨冬","雷志成"
1273,-1,"叶文洁","沙瑞山"
1273,-1,"叶文洁","杨卫宁"
1273,-1,"叶文洁","雷志成"
1273,-1,"沙瑞山","杨卫宁"
1273,-1,"沙瑞山","雷志成"
1273,-1,"杨卫宁","雷志成"
1278,-1,"汪淼","叶文洁"
1281,-1,"汪淼","叶文洁"
1283,1,"汪淼","东方延绪"
1283,1,"汪淼","纣王"
1283,1,"汪淼","墨子"
1283,1,"东方延绪","纣王"
1283,1,"东方延绪","墨子"
1283,1,"纣王","墨子"
1288,1,"东方延绪","亚里士多德"
1290,1,"汪淼","东方延绪"
1292,1,"伽利略","亚里士多德"
1294,1,"东方延绪","墨子"
1294,1,"东方延绪","伽利略"
1294,1,"墨子","伽利略"
1319,1,"汪淼","纣王"
1320,1,"伽利略","达·芬奇"
1327,1,"汪淼","达·芬奇"
1333,1,"汪淼","伽利略"
1333,1,"汪淼","亚里士多德"
1333,1,"汪淼","达·芬奇"
1333,1,"伽利略","亚里士多德"
1333,1,"伽利略","达·芬奇"
1333,1,"亚里士多德","达·芬奇"
1342,-1,"汪淼","史强"
1343,-1,"汪淼","史强"
1343,-1,"汪淼","徐冰冰"
1343,-1,"汪淼","魏成"
1343,-1,"汪淼","申玉菲"
1343,-1,"史强","徐冰冰"
1343,-1,"史强","魏成"
1343,-1,"史强","申玉菲"
1343,-1,"徐冰冰","魏成"
1343,-1,"徐冰冰","申玉菲"
1343,-1,"魏成","申玉菲"
1344,-1,"汪淼","史强"
1344,-1,"汪淼","魏成"
1344,-1,"史强","魏成"
1347,-1,"徐冰冰","魏成"
1427,-1,"史强","魏成"
1430,-1,"史强","魏成"
1432,-1,"汪淼","史强"
1432,-1,"汪淼","徐冰冰"
1432,-1,"史强","徐冰冰"
1433,-1,"汪淼","史强"
1433,-1,"汪淼","魏成"
1433,-1,"史强","魏成"
1439,-1,"汪淼","徐冰冰"
1446,1,"汪淼","史强"
1448,-1,"汪淼","史强"
1448,-1,"汪淼","魏成"
1448,-1,"汪淼","申玉菲"
1448,-1,"史强","魏成"
1448,-1,"史强","申玉菲"
1448,-1,"魏成","申玉菲"
1449,-1,"汪淼","史强"
1449,-1,"汪淼","徐冰冰"
1449,-1,"史强","徐冰冰"
1450,-1,"史强","魏成"
1451,-1,"汪淼","魏成"
1452,-1,"史强","魏成"
1458,-1,"魏成","潘寒"
1460,-1,"潘寒","叶文洁"
1460,-1,"潘寒","申玉菲"
1460,-1,"叶文洁","申玉菲"
1463,1,"汪淼","史强"
1463,1,"汪淼","魏成"
1463,1,"史强","魏成"
1467,1,"汪淼","魏成"
1472,-1,"汪淼","魏成"
1477,-1,"汪淼","东方延绪"
1484,-1,"汪淼","东方延绪"
1500,1,"汪淼","纣王"
1500,1,"汪淼","格里高利"
1500,1,"纣王","格里高利"
1534,-1,"汪淼","墨子"
1596,-1,"汪淼","伏羲"
1599,-1,"汪淼","我的主"
1602,1,"汪淼","我的主"
1619,1,"汪淼","东方延绪"
1620,-1,"汪淼","史强"
1620,-1,"汪淼","潘寒"
1620,-1,"汪淼","申玉菲"
1620,-1,"史强","潘寒"
1620,-1,"史强","申玉菲"
1620,-1,"潘寒","申玉菲"
1625,1,"汪淼","史强"
1632,1,"汪淼","潘寒"
1663,-1,"汪淼","潘寒"
1691,1,"汪淼","伏羲"
1702,1,"汪淼","魏成"
1709,1,"汪淼","周文王"
1709,1,"汪淼","纣王"
1709,1,"周文王","纣王"
1765,1,"汪淼","我的主"
1797,1,"汪淼","叶文洁"
1799,-1,"汪淼","叶文洁"
1802,1,"汪淼","叶文洁"
1804,-1,"潘寒","叶文洁"
1805,-1,"潘寒","叶文洁"
1828,-1,"汪淼","潘寒"
1830,1,"潘寒","叶文洁"
1833,1,"潘寒","叶文洁"
1834,1,"潘寒","申玉菲"
1835,1,"汪淼","叶文洁"
1837,-1,"汪淼","叶文洁"
1843,1,"叶文洁","杨卫宁"
1843,1,"叶文洁","雷志成"
1843,1,"杨卫宁","雷志成"
1844,1,"叶文洁","杨卫宁"
1844,1,"叶文洁","雷志成"
1844,1,"杨卫宁","雷志成"
1846,-1,"叶文洁","杨卫宁"
1846,-1,"叶文洁","雷志成"
1846,-1,"杨卫宁","雷志成"
1849,-1,"叶文洁","杨卫宁"
1849,-1,"叶文洁","雷志成"
1849,-1,"杨卫宁","雷志成"
1871,-1,"叶文洁","雷志成"
1873,-1,"杨卫宁","雷志成"
1878,-1,"叶文洁","杨卫宁"
1878,-1,"叶文洁","雷志成"
1878,-1,"杨卫宁","雷志成"
1882,-1,"叶文洁","杨卫宁"
1883,1,"叶文洁","杨卫宁"
1885,1,"叶文洁","杨卫宁"
1894,-1,"叶文洁","杨卫宁"
1897,1,"叶文洁","杨卫宁"
1898,-1,"叶文洁","杨卫宁"
1908,1,"叶文洁","杨卫宁"
1912,1,"叶文洁","杨卫宁"
1936,1,"叶文洁","东方延绪"
1947,1,"叶文洁","杨卫宁"
1949,-1,"汪淼","叶文洁"
1962,-1,"汪淼","叶文洁"
1965,-1,"潘寒","叶文洁"
1990,-1,"史强","叶文洁"
1992,-1,"汪淼","史强"
1995,1,"汪淼","史强"
2018,-1,"叶文洁","杨卫宁"
2020,-1,"叶文洁","杨卫宁"
2020,-1,"叶文洁","雷志成"
2020,-1,"杨卫宁","雷志成"
2037,-1,"叶文洁","杨卫宁"
2037,-1,"叶文洁","雷志成"
2037,-1,"杨卫宁","雷志成"
2049,-1,"叶文洁","杨卫宁"
2055,-1,"齐猎头","叶文洁"
2056,1,"杨冬","齐猎头"
2056,1,"杨冬","叶文洁"
2056,1,"齐猎头","叶文洁"
2057,1,"杨冬","齐猎头"
2057,1,"杨冬","叶文洁"
2057,1,"齐猎头","叶文洁"
2060,1,"齐猎头","大凤"
2060,1,"齐猎头","叶文洁"
2060,1,"大凤","叶文洁"
2063,1,"大凤","叶文洁"
2067,1,"大凤","叶文洁"
2070,1,"杨冬","叶文洁"
2077,-1,"杨冬","叶文洁"
2077,-1,"杨冬","绍琳"
2077,-1,"叶文洁","绍琳"
2079,1,"杨冬","叶文洁"
2086,-1,"红卫兵","叶文洁"
2088,1,"红卫兵","叶文洁"
2091,-1,"红卫兵","叶文洁"
2091,-1,"红卫兵","叶哲泰"
2091,-1,"叶文洁","叶哲泰"
2100,1,"红卫兵","东方延绪"
2110,-1,"红卫兵","叶文洁"
2122,-1,"叶文洁","麦克"
2180,1,"叶文洁","东方延绪"
2269,-1,"汪淼","丁仪"
2294,-1,"史强","魏成"
2297,-1,"史强","斯坦顿"
2299,-1,"史强","常伟思"
2317,-1,"史强","常伟思"
2329,-1,"史强","斯坦顿"
2331,-1,"史强","常伟思"
2352,-1,"史强","常伟思"
2374,1,"史强","斯坦顿"
2378,1,"汪淼","斯坦顿"
2392,-1,"汪淼","斯坦顿"
2402,-1,"汪淼","史强"
2402,-1,"汪淼","常伟思"
2402,-1,"汪淼","斯坦顿"
2402,-1,"史强","常伟思"
2402,-1,"史强","斯坦顿"
2402,-1,"常伟思","斯坦顿"
2410,-1,"汪淼","斯坦顿"
2513,1,"汪淼","执政官"
2556,1,"执政官","智子"
2645,1,"执政官","智子"
2683,1,"执政官","智子"
2685,-1,"执政官","智子"
2688,-1,"执政官","智子"
2693,-1,"执政官","智子"
2694,1,"执政官","智子"
2698,1,"执政官","智子"
2711,-1,"常伟思","叶文洁"
2711,-1,"常伟思","智子"
2711,-1,"叶文洁","智子"
2717,1,"汪淼","丁仪"
2722,1,"汪淼","丁仪"
2744,-1,"丁仪","智子"
2755,1,"汪淼","史强"
2755,1,"汪淼","丁仪"
2755,1,"史强","丁仪"
2757,-1,"史强","斯坦顿"
2765,-1,"汪淼","丁仪"
2766,1,"汪淼","史强"
2767,1,"史强","丁仪"
2839,1,"叶文洁","罗辑"
2850,-1,"麦克","智子"
2916,-1,"章北海","吴岳"
2923,1,"章北海","吴岳"
2924,1,"章北海","吴岳"
2926,1,"章北海","吴岳"
2965,1,"张援朝","杨晋文"
2966,1,"张援朝","杨晋文"
2980,1,"张援朝","杨晋文"
2985,-1,"丁仪","智子"
2991,1,"张援朝","苗福全"
2996,-1,"我的主","破壁人"
2996,-1,"我的主","智子"
2996,-1,"破壁人","智子"
2997,1,"我的主","破壁人"
3008,-1,"我的主","破壁人"
3015,1,"破壁人","智子"
3025,1,"我的主","智子"
3034,-1,"我的主","破壁人"
3039,1,"破壁人","智子"
3047,1,"我的主","破壁人"
3068,1,"张援朝","杨晋文"
3068,1,"张援朝","苗福全"
3068,1,"杨晋文","苗福全"
3095,-1,"张援朝","杨晋文"
3098,1,"杨晋文","苗福全"
3102,-1,"杨晋文","苗福全"
3104,-1,"杨晋文","苗福全"
3105,-1,"张援朝","杨晋文"
3105,-1,"张援朝","苗福全"
3105,-1,"杨晋文","苗福全"
3107,1,"我的主","破壁人"
3107,1,"我的主","智子"
3107,1,"破壁人","智子"
3115,-1,"我的主","破壁人"
3127,1,"史晓明","张援朝"
3146,-1,"史晓明","张援朝"
3156,-1,"智子","周文王"
3207,1,"罗辑","智子"
3229,1,"张援朝","杨晋文"
3253,-1,"史强","罗辑"
3256,-1,"史强","罗辑"
3258,-1,"史强","罗辑"
3265,-1,"史强","罗辑"
3266,1,"史强","罗辑"
3268,-1,"史强","罗辑"
3295,1,"史强","罗辑"
3302,-1,"史强","罗辑"
3304,1,"史强","罗辑"
3319,-1,"史强","罗辑"
3320,-1,"史强","罗辑"
3324,-1,"史强","罗辑"
3325,1,"史强","罗辑"
3327,-1,"史强","罗辑"
3329,-1,"史强","罗辑"
3329,-1,"史强","章北海"
3329,-1,"史强","张翔"
3329,-1,"罗辑","章北海"
3329,-1,"罗辑","张翔"
3329,-1,"章北海","张翔"
3330,1,"罗辑","章北海"
3330,1,"罗辑","吴岳"
3330,1,"章北海","吴岳"
3331,-1,"章北海","吴岳"
3337,-1,"章北海","吴岳"
3352,1,"史强","罗辑"
3363,-1,"史强","罗辑"
3369,1,"史强","罗辑"
3369,1,"史强","张翔"
3369,1,"罗辑","张翔"
3371,-1,"史强","罗辑"
3374,-1,"史强","罗辑"
3378,1,"史强","罗辑"
3380,1,"史强","罗辑"
3394,-1,"常伟思","章北海"
3398,-1,"常伟思","章北海"
3408,1,"章北海","吴岳"
3409,1,"章北海","吴岳"
3412,1,"常伟思","章北海"
3412,1,"常伟思","吴岳"
3412,1,"章北海","吴岳"
3413,1,"常伟思","章北海"
3413,1,"常伟思","吴岳"
3413,1,"章北海","吴岳"
3418,1,"常伟思","章北海"
3425,1,"罗辑","白蓉"
3426,1,"罗辑","白蓉"
3431,-1,"罗辑","白蓉"
3442,-1,"罗辑","白蓉"
3443,-1,"罗辑","白蓉"
3446,1,"罗辑","白蓉"
3458,1,"罗辑","白蓉"
3469,1,"罗辑","白蓉"
3487,-1,"罗辑","白蓉"
3499,-1,"罗辑","白蓉"
3534,-1,"罗辑","白蓉"
3541,-1,"罗辑","白蓉"
3581,-1,"史强","罗辑"
3584,1,"史强","罗辑"
3586,1,"史强","罗辑"
3589,1,"史强","罗辑"
3591,-1,"史强","罗辑"
3604,-1,"史强","罗辑"
3607,1,"罗辑","坎特"
3611,-1,"史强","罗辑"
3611,-1,"史强","坎特"
3611,-1,"罗辑","坎特"
3623,-1,"史强","罗辑"
3623,-1,"史强","坎特"
3623,-1,"罗辑","坎特"
3624,1,"史强","罗辑"
3624,1,"史强","坎特"
3624,1,"罗辑","坎特"
3627,-1,"史强","罗辑"
3627,-1,"史强","坎特"
3627,-1,"罗辑","坎特"
3636,-1,"萨伊","坎特"
3642,-1,"叶文洁","智子"
3655,1,"罗辑","泰勒"
3655,1,"罗辑","雷迪亚兹"
3655,1,"泰勒","雷迪亚兹"
3659,1,"泰勒","雷迪亚兹"
3659,1,"泰勒","希恩斯"
3659,1,"泰勒","山杉惠子"
3659,1,"雷迪亚兹","希恩斯"
3659,1,"雷迪亚兹","山杉惠子"
3659,1,"希恩斯","山杉惠子"
3660,1,"罗辑","萨伊"
3660,1,"罗辑","泰勒"
3660,1,"罗辑","雷迪亚兹"
3660,1,"罗辑","希恩斯"
3660,1,"萨伊","泰勒"
3660,1,"萨伊","雷迪亚兹"
3660,1,"萨伊","希恩斯"
3660,1,"泰勒","雷迪亚兹"
3660,1,"泰勒","希恩斯"
3660,1,"雷迪亚兹","希恩斯"
3662,1,"罗辑","萨伊"
3677,-1,"斐兹罗","林格"
3691,-1,"罗辑","希恩斯"
3694,-1,"罗辑","坎特"
3695,1,"罗辑","萨伊"
3706,-1,"罗辑","萨伊"
3720,-1,"史强","罗辑"
3726,1,"史强","罗辑"
3728,-1,"史强","罗辑"
3739,1,"史强","罗辑"
3758,1,"史强","罗辑"
3770,1,"史强","罗辑"
3770,1,"史强","坎特"
3770,1,"罗辑","坎特"
3781,-1,"史强","罗辑"
3781,-1,"史强","坎特"
3781,-1,"罗辑","坎特"
3783,1,"罗辑","坎特"
3788,1,"罗辑","萨伊"
3795,1,"罗辑","萨伊"
3796,1,"罗辑","萨伊"
3798,1,"罗辑","萨伊"
3803,1,"罗辑","萨伊"
3810,1,"罗辑","萨伊"
3818,-1,"史强","罗辑"
3818,-1,"史强","坎特"
3818,-1,"罗辑","坎特"
3824,1,"罗辑","萨伊"
3827,1,"罗辑","伽尔宁"
3851,-1,"伽尔宁","泰勒"
3851,-1,"伽尔宁","雷迪亚兹"
3851,-1,"伽尔宁","希恩斯"
3851,-1,"泰勒","雷迪亚兹"
3851,-1,"泰勒","希恩斯"
3851,-1,"雷迪亚兹","希恩斯"
3858,1,"罗辑","伽尔宁"
3864,-1,"章北海","吴岳"
3867,1,"章北海","吴岳"
3876,-1,"章北海","吴岳"
3883,1,"周文王","墨子"
3883,1,"周文王","亚里士多德"
3883,1,"墨子","亚里士多德"
3889,1,"破壁人","智子"
3899,-1,"破壁人","智子"
3904,-1,"罗辑","破壁人"
3914,1,"常伟思","章北海"
3917,1,"常伟思","章北海"
3918,1,"常伟思","章北海"
3920,1,"常伟思","章北海"
3926,1,"常伟思","章北海"
3944,1,"常伟思","章北海"
3949,1,"罗辑","伽尔宁"
3949,1,"罗辑","坎特"
3949,1,"伽尔宁","坎特"
3954,1,"罗辑","坎特"
3955,1,"罗辑","坎特"
3959,1,"罗辑","坎特"
3961,1,"史强","罗辑"
3961,1,"史强","坎特"
3961,1,"罗辑","坎特"
3971,-1,"艾伦","雷迪亚兹"
3975,-1,"艾伦","雷迪亚兹"
3976,-1,"艾伦","麦克"
3976,-1,"艾伦","雷迪亚兹"
3976,-1,"麦克","雷迪亚兹"
3977,-1,"艾伦","雷迪亚兹"
3983,-1,"艾伦","雷迪亚兹"
3995,1,"艾伦","雷迪亚兹"
3998,-1,"艾伦","雷迪亚兹"
4007,1,"艾伦","雷迪亚兹"
4016,1,"丁仪","智子"
4021,-1,"丁仪","泰勒"
4032,1,"丁仪","泰勒"
4040,-1,"丁仪","泰勒"
4045,-1,"丁仪","泰勒"
4054,1,"丁仪","泰勒"
4058,1,"希恩斯","山杉惠子"
4058,1,"希恩斯","东方延绪"
4058,1,"山杉惠子","东方延绪"
4059,-1,"希恩斯","山杉惠子"
4063,1,"希恩斯","山杉惠子"
4063,1,"希恩斯","东方延绪"
4063,1,"山杉惠子","东方延绪"
4085,-1,"希恩斯","山杉惠子"
4088,1,"泰勒","雷迪亚兹"
4088,1,"泰勒","希恩斯"
4088,1,"雷迪亚兹","希恩斯"
4089,1,"泰勒","雷迪亚兹"
4089,1,"泰勒","希恩斯"
4089,1,"雷迪亚兹","希恩斯"
4097,-1,"罗辑","泰勒"
4097,-1,"罗辑","雷迪亚兹"
4097,-1,"罗辑","希恩斯"
4097,-1,"泰勒","雷迪亚兹"
4097,-1,"泰勒","希恩斯"
4097,-1,"雷迪亚兹","希恩斯"
4098,1,"伽尔宁","泰勒"
4098,1,"伽尔宁","雷迪亚兹"
4098,1,"伽尔宁","希恩斯"
4098,1,"泰勒","雷迪亚兹"
4098,1,"泰勒","希恩斯"
4098,1,"雷迪亚兹","希恩斯"
4099,-1,"泰勒","雷迪亚兹"
4099,-1,"泰勒","希恩斯"
4099,-1,"雷迪亚兹","希恩斯"
4103,-1,"希恩斯","破壁人"
4106,-1,"史强","史晓明"
4107,-1,"史强","史晓明"
4125,1,"罗辑","坎特"
4127,-1,"罗辑","坎特"
4135,1,"罗辑","坎特"
4147,1,"泰勒","智子"
4152,-1,"艾伦","雷迪亚兹"
4173,-1,"艾伦","雷迪亚兹"
4176,-1,"叶文洁","东方延绪"
4181,-1,"艾伦","雷迪亚兹"
4182,-1,"艾伦","雷迪亚兹"
4188,-1,"史强","罗辑"
4207,-1,"史强","罗辑"
4210,-1,"罗辑","东方延绪"
4216,1,"史强","罗辑"
4217,-1,"史强","罗辑"
4218,1,"史强","罗辑"
4221,1,"史强","罗辑"
4231,1,"史强","罗辑"
4240,-1,"史强","罗辑"
4248,-1,"史强","罗辑"
4251,-1,"史强","罗辑"
4263,-1,"史强","坎特"
4274,-1,"史强","坎特"
4278,-1,"史强","坎特"
4279,1,"史强","坎特"
4281,-1,"章北海","泰勒"
4282,1,"章北海","泰勒"
4302,-1,"章北海","泰勒"
4305,-1,"史强","罗辑"
4311,1,"罗辑","庄颜"
4330,1,"罗辑","庄颜"
4353,1,"罗辑","庄颜"
4358,1,"罗辑","庄颜"
4374,1,"罗辑","庄颜"
4382,1,"罗辑","庄颜"
4388,1,"罗辑","庄颜"
4392,1,"庄颜","智子"
4398,1,"罗辑","庄颜"
4400,-1,"罗辑","庄颜"
4402,1,"罗辑","庄颜"
4406,1,"史强","罗辑"
4406,1,"史强","庄颜"
4406,1,"罗辑","庄颜"
4407,-1,"史强","罗辑"
4407,-1,"史强","庄颜"
4407,-1,"罗辑","庄颜"
4415,-1,"史强","罗辑"
4415,-1,"史强","庄颜"
4415,-1,"罗辑","庄颜"
4423,-1,"史强","罗辑"
4430,-1,"罗辑","庄颜"
4441,-1,"罗辑","庄颜"
4444,-1,"罗辑","庄颜"
4445,-1,"庄颜","智子"
4448,1,"罗辑","庄颜"
4462,1,"罗辑","庄颜"
4464,1,"罗辑","庄颜"
4471,-1,"罗辑","庄颜"
4525,1,"罗辑","坎特"
4525,1,"罗辑","庄颜"
4525,1,"坎特","庄颜"
4531,-1,"罗辑","庄颜"
4532,1,"罗辑","庄颜"
4532,1,"罗辑","东方延绪"
4532,1,"庄颜","东方延绪"
4533,-1,"罗辑","庄颜"
4537,-1,"罗辑","庄颜"
4552,-1,"罗辑","庄颜"
4553,-1,"罗辑","庄颜"
4553,-1,"罗辑","东方延绪"
4553,-1,"庄颜","东方延绪"
4554,1,"罗辑","庄颜"
4554,1,"罗辑","东方延绪"
4554,1,"庄颜","东方延绪"
4564,-1,"罗辑","庄颜"
4577,1,"罗辑","庄颜"
4577,1,"罗辑","智子"
4577,1,"庄颜","智子"
4595,-1,"罗辑","庄颜"
4610,1,"斐兹罗","林格"
4647,1,"斐兹罗","林格"
4655,-1,"斐兹罗","林格"
4675,-1,"常伟思","章北海"
4679,1,"常伟思","章北海"
4680,-1,"常伟思","章北海"
4697,1,"罗辑","泰勒"
4698,1,"罗辑","泰勒"
4700,1,"罗辑","泰勒"
4701,1,"泰勒","庄颜"
4702,1,"泰勒","庄颜"
4706,1,"泰勒","庄颜"
4717,-1,"泰勒","破壁人"
4720,1,"泰勒","破壁人"
4721,1,"泰勒","破壁人"
4722,-1,"泰勒","破壁人"
4728,1,"泰勒","破壁人"
4735,1,"泰勒","破壁人"
4737,-1,"泰勒","破壁人"
4742,-1,"泰勒","破壁人"
4746,-1,"泰勒","破壁人"
4749,-1,"泰勒","破壁人"
4750,-1,"泰勒","破壁人"
4753,-1,"罗辑","破壁人"
4754,-1,"罗辑","泰勒"
4761,-1,"破壁人","智子"
4767,-1,"泰勒","破壁人"
4772,-1,"罗辑","泰勒"
4773,1,"罗辑","泰勒"
4778,-1,"罗辑","泰勒"
4780,-1,"罗辑","泰勒"
4787,-1,"罗辑","庄颜"
4796,1,"罗辑","泰勒"
4796,1,"罗辑","庄颜"
4796,1,"泰勒","庄颜"
4801,1,"罗辑","泰勒"
4801,1,"罗辑","破壁人"
4801,1,"泰勒","破壁人"
4806,-1,"雷迪亚兹","希恩斯"
4814,-1,"泰勒","破壁人"
4818,1,"罗辑","庄颜"
4831,-1,"罗辑","萨伊"
4841,-1,"罗辑","萨伊"
4842,1,"罗辑","萨伊"
4861,-1,"罗辑","萨伊"
4862,-1,"罗辑","萨伊"
4862,-1,"罗辑","泰勒"
4862,-1,"罗辑","破壁人"
4862,-1,"萨伊","泰勒"
4862,-1,"萨伊","破壁人"
4862,-1,"泰勒","破壁人"
4885,-1,"罗辑","智子"
4899,1,"常伟思","章北海"
4906,1,"常伟思","章北海"
4919,1,"丁仪","章北海"
4925,-1,"丁仪","章北海"
4926,-1,"丁仪","章北海"
4955,1,"斐兹罗","林格"
4957,-1,"斐兹罗","哈里斯"
4957,-1,"斐兹罗","智子"
4957,-1,"哈里斯","智子"
4964,1,"叶文洁","罗辑"
4964,1,"叶文洁","萨伊"
4964,1,"罗辑","萨伊"
4981,1,"叶文洁","罗辑"
4988,1,"叶文洁","罗辑"
4997,-1,"罗辑","雷迪亚兹"
5000,1,"罗辑","坎特"
5007,1,"罗辑","坎特"
5010,1,"史强","罗辑"
5010,1,"史强","张翔"
5010,1,"罗辑","张翔"
5014,1,"罗辑","林格"
5058,1,"罗辑","坎特"
5061,-1,"罗辑","智子"
5062,-1,"罗辑","张翔"
5099,1,"罗辑","坎特"
5100,1,"罗辑","坎特"
5150,-1,"罗辑","张翔"
5151,-1,"罗辑","张翔"
5153,1,"坎特","张翔"
5157,-1,"坎特","张翔"
5163,-1,"罗辑","庄颜"
5167,1,"斐兹罗","林格"
5181,1,"斐兹罗","林格"
5186,-1,"罗辑","斐兹罗"
5218,-1,"张援朝","杨晋文"
5231,-1,"苗福全","智子"
5244,-1,"丁仪","章北海"
5254,1,"丁仪","章北海"
5259,-1,"丁仪","章北海"
5333,-1,"罗辑","智子"
5350,1,"常伟思","章北海"
5354,1,"常伟思","章北海"
5357,1,"雷迪亚兹","希恩斯"
5361,-1,"希恩斯","山杉惠子"
5371,1,"希恩斯","山杉惠子"
5385,-1,"希恩斯","山杉惠子"
5392,1,"希恩斯","山杉惠子"
5394,1,"希恩斯","山杉惠子"
5405,1,"罗辑","林格"
5405,1,"罗辑","希恩斯"
5405,1,"罗辑","山杉惠子"
5405,1,"林格","希恩斯"
5405,1,"林格","山杉惠子"
5405,1,"希恩斯","山杉惠子"
5411,1,"希恩斯","山杉惠子"
5419,1,"希恩斯","山杉惠子"
5436,1,"希恩斯","山杉惠子"
5444,1,"希恩斯","山杉惠子"
5446,-1,"希恩斯","山杉惠子"
5447,-1,"希恩斯","山杉惠子"
5453,-1,"常伟思","泰勒"
5453,-1,"常伟思","希恩斯"
5453,-1,"泰勒","希恩斯"
5455,1,"希恩斯","智子"
5456,1,"常伟思","智子"
5462,1,"常伟思","希恩斯"
5465,1,"希恩斯","智子"
5467,-1,"希恩斯","山杉惠子"
5474,-1,"常伟思","希恩斯"
5486,1,"希恩斯","山杉惠子"
5519,1,"希恩斯","山杉惠子"
5524,1,"希恩斯","山杉惠子"
5526,-1,"威尔逊","希恩斯"
5529,-1,"希恩斯","山杉惠子"
5531,-1,"希恩斯","山杉惠子"
5532,-1,"威尔逊","希恩斯"
5532,-1,"威尔逊","山杉惠子"
5532,-1,"希恩斯","山杉惠子"
5535,1,"吴岳","希恩斯"
5544,-1,"希恩斯","山杉惠子"
5550,-1,"希恩斯","山杉惠子"
5556,1,"吴岳","希恩斯"
5556,1,"吴岳","山杉惠子"
5556,1,"希恩斯","山杉惠子"
5559,1,"吴岳","希恩斯"
5560,-1,"吴岳","希恩斯"
5560,-1,"吴岳","山杉惠子"
5560,-1,"希恩斯","山杉惠子"
5565,-1,"吴岳","希恩斯"
5566,-1,"吴岳","希恩斯"
5567,1,"吴岳","希恩斯"
5567,1,"吴岳","山杉惠子"
5567,1,"吴岳","东方延绪"
5567,1,"希恩斯","山杉惠子"
5567,1,"希恩斯","东方延绪"
5567,1,"山杉惠子","东方延绪"
5578,1,"希恩斯","山杉惠子"
5585,-1,"罗辑","山杉惠子"
5643,1,"雷迪亚兹","智子"
5644,-1,"雷迪亚兹","破壁人"
5660,1,"雷迪亚兹","破壁人"
5661,1,"雷迪亚兹","破壁人"
5667,1,"雷迪亚兹","破壁人"
5671,-1,"泰勒","破壁人"
5672,1,"雷迪亚兹","破壁人"
5674,-1,"雷迪亚兹","破壁人"
5675,1,"雷迪亚兹","破壁人"
5680,-1,"雷迪亚兹","破壁人"
5684,-1,"雷迪亚兹","破壁人"
5687,-1,"雷迪亚兹","破壁人"
5697,1,"伽尔宁","雷迪亚兹"
5704,-1,"伽尔宁","雷迪亚兹"
5706,-1,"伽尔宁","雷迪亚兹"
5711,1,"雷迪亚兹","破壁人"
5711,1,"雷迪亚兹","智子"
5711,1,"破壁人","智子"
5726,1,"雷迪亚兹","智子"
5730,-1,"伽尔宁","雷迪亚兹"
5741,-1,"伽尔宁","雷迪亚兹"
5745,1,"伽尔宁","雷迪亚兹"
5746,1,"伽尔宁","雷迪亚兹"
5751,-1,"伽尔宁","雷迪亚兹"
5752,-1,"伽尔宁","泰勒"
5752,-1,"伽尔宁","智子"
5752,-1,"泰勒","智子"
5757,-1,"伽尔宁","雷迪亚兹"
5765,1,"常伟思","章北海"
5765,1,"常伟思","吴岳"
5765,1,"常伟思","山杉惠子"
5765,1,"章北海","吴岳"
5765,1,"章北海","山杉惠子"
5765,1,"吴岳","山杉惠子"
5768,1,"罗辑","伽尔宁"
5768,1,"罗辑","坎特"
5768,1,"伽尔宁","坎特"
5769,-1,"斐兹罗","林格"
5783,1,"罗辑","我的主"
5801,-1,"罗辑","熊文"
5809,1,"罗辑","熊文"
5811,1,"罗辑","熊文"
5824,-1,"罗辑","熊文"
5839,1,"罗辑","熊文"
5853,1,"罗辑","熊文"
5873,-1,"罗辑","熊文"
5876,-1,"罗辑","熊文"
5879,1,"罗辑","熊文"
5892,-1,"罗辑","庄颜"
5895,1,"罗辑","东方延绪"
5917,1,"罗辑","庄颜"
5926,1,"罗辑","乔纳森"
5927,-1,"罗辑","乔纳森"
5928,1,"罗辑","乔纳森"
5930,1,"罗辑","乔纳森"
5936,1,"罗辑","乔纳森"
5941,1,"罗辑","乔纳森"
5945,1,"罗辑","希恩斯"
5945,1,"罗辑","山杉惠子"
5945,1,"希恩斯","山杉惠子"
5946,-1,"罗辑","希恩斯"
5948,1,"泰勒","雷迪亚兹"
5951,1,"罗辑","希恩斯"
5951,1,"罗辑","智子"
5951,1,"希恩斯","智子"
5952,1,"罗辑","希恩斯"
5952,1,"罗辑","山杉惠子"
5952,1,"希恩斯","山杉惠子"
5953,-1,"罗辑","伽尔宁"
5959,-1,"泰勒","雷迪亚兹"
5960,-1,"罗辑","希恩斯"
5967,1,"罗辑","希恩斯"
5968,-1,"罗辑","乔纳森"
5972,-1,"罗辑","乔纳森"
5981,-1,"罗辑","乔纳森"
5983,-1,"史强","罗辑"
5984,1,"史强","罗辑"
5993,1,"史强","罗辑"
5998,1,"希恩斯","山杉惠子"
6000,-1,"希恩斯","山杉惠子"
6004,-1,"希恩斯","山杉惠子"
6004,-1,"希恩斯","追随者"
6004,-1,"山杉惠子","追随者"
6005,1,"山杉惠子","智子"
6008,1,"希恩斯","山杉惠子"
6008,1,"希恩斯","钢印族"
6008,1,"希恩斯","智子"
6008,1,"山杉惠子","钢印族"
6008,1,"山杉惠子","智子"
6008,1,"钢印族","智子"
6011,1,"希恩斯","破壁人"
6020,-1,"希恩斯","山杉惠子"
6029,1,"山杉惠子","智子"
6037,1,"希恩斯","山杉惠子"
6039,-1,"希恩斯","山杉惠子"
6043,1,"史强","罗辑"
6054,-1,"史强","罗辑"
6058,-1,"史强","罗辑"
6068,1,"史强","罗辑"
6078,1,"史强","罗辑"
6082,1,"罗辑","智子"
6085,1,"史强","罗辑"
6087,-1,"史强","罗辑"
6092,-1,"史强","罗辑"
6094,-1,"史强","罗辑"
6110,-1,"史强","罗辑"
6119,1,"史强","罗辑"
6127,1,"史强","罗辑"
6129,-1,"史强","罗辑"
6136,1,"史强","罗辑"
6139,1,"史强","罗辑"
6141,-1,"史强","罗辑"
6143,-1,"史强","罗辑"
6148,-1,"史强","罗辑"
6155,-1,"史强","罗辑"
6157,1,"史强","罗辑"
6158,-1,"史强","罗辑"
6170,1,"史强","罗辑"
6172,1,"史强","罗辑"
6180,1,"史强","罗辑"
6191,1,"史强","罗辑"
6194,1,"史强","罗辑"
6206,1,"史强","罗辑"
6207,1,"史强","罗辑"
6211,1,"史强","罗辑"
6214,1,"史强","罗辑"
6225,1,"史强","罗辑"
6228,-1,"史强","罗辑"
6239,1,"史强","罗辑"
6240,1,"史强","郭正明"
6244,1,"史强","罗辑"
6272,1,"章北海","东方延绪"
6273,1,"常伟思","章北海"
6281,1,"常伟思","章北海"
6287,1,"常伟思","章北海"
6311,1,"常伟思","章北海"
6315,-1,"常伟思","章北海"
6325,-1,"章北海","钢印族"
6339,1,"章北海","钢印族"
6340,1,"章北海","东方延绪"
6341,-1,"史强","罗辑"
6344,1,"史强","罗辑"
6346,-1,"史强","罗辑"
6348,1,"史强","罗辑"
6349,1,"史晓明","罗辑"
6350,-1,"史晓明","罗辑"
6352,-1,"史晓明","罗辑"
6369,1,"史晓明","罗辑"
6370,1,"史晓明","罗辑"
6371,1,"史强","史晓明"
6371,1,"史强","罗辑"
6371,1,"史强","张援朝"
6371,1,"史强","张延"
6371,1,"史晓明","罗辑"
6371,1,"史晓明","张援朝"
6371,1,"史晓明","张延"
6371,1,"罗辑","张援朝"
6371,1,"罗辑","张延"
6371,1,"张援朝","张延"
6394,1,"史晓明","张延"
6403,1,"罗辑","庄颜"
6412,1,"罗辑","庄颜"
6414,1,"章北海","东方延绪"
6416,1,"钢印族","东方延绪"
6418,1,"常伟思","章北海"
6419,-1,"钢印族","东方延绪"
6420,1,"章北海","东方延绪"
6437,1,"章北海","东方延绪"
6452,1,"章北海","东方延绪"
6459,1,"章北海","东方延绪"
6478,1,"斐兹罗","林格"
6478,1,"斐兹罗","罗宾逊"
6478,1,"林格","罗宾逊"
6479,1,"斐兹罗","林格"
6479,1,"斐兹罗","罗宾逊"
6479,1,"林格","罗宾逊"
6480,-1,"斐兹罗","林格"
6489,1,"斐兹罗","林格"
6501,1,"斐兹罗","林格"
6513,-1,"斐兹罗","林格"
6519,1,"章北海","东方延绪"
6519,1,"章北海","列文"
6519,1,"章北海","井上明"
6519,1,"东方延绪","列文"
6519,1,"东方延绪","井上明"
6519,1,"列文","井上明"
6522,1,"章北海","东方延绪"
6523,-1,"章北海","东方延绪"
6530,-1,"章北海","东方延绪"
6536,-1,"东方延绪","列文"
6536,-1,"东方延绪","井上明"
6536,-1,"列文","井上明"
6538,-1,"章北海","东方延绪"
6538,-1,"章北海","井上明"
6538,-1,"东方延绪","井上明"
6542,1,"列文","井上明"
6560,1,"章北海","东方延绪"
6583,1,"章北海","东方延绪"
6602,-1,"常伟思","章北海"
6626,-1,"罗辑","庄颜"
6627,1,"斐兹罗","林格"
6628,1,"罗辑","智子"
6630,1,"史晓明","罗辑"
6654,1,"史强","罗辑"
6658,-1,"史强","罗辑"
6659,-1,"史强","罗辑"
6669,1,"史强","罗辑"
6669,1,"史强","希恩斯"
6669,1,"史强","庄颜"
6669,1,"罗辑","希恩斯"
6669,1,"罗辑","庄颜"
6669,1,"希恩斯","庄颜"
6671,-1,"章北海","东方延绪"
6686,1,"章北海","东方延绪"
6690,-1,"章北海","东方延绪"
6713,-1,"丁仪","西子"
6726,1,"丁仪","西子"
6776,1,"章北海","东方延绪"
6791,-1,"章北海","东方延绪"
6792,-1,"章北海","东方延绪"
6798,-1,"章北海","东方延绪"
6802,-1,"丁仪","西子"
6804,1,"丁仪","西子"
6805,1,"丁仪","西子"
6810,1,"丁仪","西子"
6815,1,"丁仪","智子"
6817,-1,"丁仪","西子"
6857,-1,"丁仪","西子"
6862,1,"丁仪","西子"
6872,-1,"丁仪","西子"
6934,-1,"赵鑫","李维"
6947,-1,"赵鑫","李维"
6950,-1,"叶文洁","智子"
6976,-1,"赵鑫","李维"
6994,-1,"章北海","东方延绪"
6999,1,"章北海","东方延绪"
7003,1,"罗辑","希恩斯"
7023,-1,"章北海","东方延绪"
7054,1,"章北海","东方延绪"
7062,1,"章北海","东方延绪"
7070,-1,"章北海","东方延绪"
7073,-1,"章北海","东方延绪"
7083,1,"章北海","蓝西"
7086,1,"章北海","东方延绪"
7086,1,"章北海","蓝西"
7086,1,"东方延绪","蓝西"
7087,-1,"东方延绪","蓝西"
7102,-1,"东方延绪","蓝西"
7109,-1,"蓝西","斯科特"
7110,-1,"蓝西","斯科特"
7112,1,"蓝西","斯科特"
7128,1,"章北海","东方延绪"
7132,1,"章北海","东方延绪"
7236,1,"东方延绪","列文"
7251,-1,"章北海","东方延绪"
7256,-1,"章北海","东方延绪"
7278,-1,"史强","罗辑"
7282,1,"史强","罗辑"
7284,-1,"史强","罗辑"
7310,-1,"史强","罗辑"
7311,-1,"史强","罗辑"
7312,1,"史强","罗辑"
7320,1,"史强","罗辑"
7323,-1,"史强","罗辑"
7324,-1,"史强","罗辑"
7331,1,"史强","郭正明"
7336,-1,"史强","罗辑"
7346,-1,"史强","罗辑"
7352,-1,"史强","罗辑"
7358,-1,"史强","罗辑"
7360,-1,"史强","罗辑"
7361,-1,"史强","罗辑"
7366,-1,"史强","罗辑"
7367,1,"史强","罗辑"
7368,1,"罗辑","吴岳"
7372,1,"罗辑","庄颜"
7402,1,"史强","罗辑"
7407,1,"史强","罗辑"
7412,-1,"史强","罗辑"
7413,-1,"史强","罗辑"
7414,1,"史强","罗辑"
7415,-1,"史强","罗辑"
7425,1,"罗辑","希恩斯"
7426,1,"罗辑","希恩斯"
7431,-1,"希恩斯","乔纳森"
7441,1,"罗辑","希恩斯"
7450,-1,"史强","罗辑"
7450,-1,"史强","希恩斯"
7450,-1,"史强","乔纳森"
7450,-1,"罗辑","希恩斯"
7450,-1,"罗辑","乔纳森"
7450,-1,"希恩斯","乔纳森"
7453,-1,"希恩斯","乔纳森"
7456,1,"史强","罗辑"
7457,-1,"史强","罗辑"
7469,-1,"史强","罗辑"
7523,-1,"史强","罗辑"
7529,-1,"史强","罗辑"
7563,-1,"罗辑","希恩斯"
7563,-1,"罗辑","庄颜"
7563,-1,"罗辑","乔纳森"
7563,-1,"希恩斯","庄颜"
7563,-1,"希恩斯","乔纳森"
7563,-1,"庄颜","乔纳森"
7662,1,"杨冬","叶文洁"
7662,1,"杨冬","罗辑"
7662,1,"叶文洁","罗辑"
7663,-1,"叶文洁","罗辑"
7665,1,"叶文洁","罗辑"
7668,-1,"叶文洁","罗辑"
7668,-1,"叶文洁","庄颜"
7668,-1,"罗辑","庄颜"
7671,1,"叶文洁","罗辑"
7678,1,"罗辑","雷迪亚兹"
7680,-1,"叶文洁","东方延绪"
7681,-1,"罗辑","智子"
7683,-1,"叶文洁","罗辑"
7683,-1,"叶文洁","东方延绪"
7683,-1,"叶文洁","智子"
7683,-1,"罗辑","东方延绪"
7683,-1,"罗辑","智子"
7683,-1,"东方延绪","智子"
7722,1,"罗辑","智子"
7743,-1,"杨冬","叶文洁"
7743,-1,"杨冬","罗辑"
7743,-1,"叶文洁","罗辑"
7746,1,"罗辑","智子"
7748,1,"罗辑","庄颜"
7750,1,"罗辑","庄颜"
7751,1,"罗辑","庄颜"
7800,1,"狄奥伦娜","法扎兰"
7802,-1,"狄奥伦娜","法扎兰"
7817,-1,"狄奥伦娜","法扎兰"
7818,-1,"狄奥伦娜","法扎兰"
7823,-1,"狄奥伦娜","法扎兰"
7827,-1,"狄奥伦娜","法扎兰"
7850,-1,"狄奥伦娜","法扎兰"
7863,-1,"狄奥伦娜","法扎兰"
7864,-1,"狄奥伦娜","法扎兰"
7870,-1,"狄奥伦娜","法扎兰"
7883,-1,"狄奥伦娜","法扎兰"
7957,-1,"老李","云天明"
7964,1,"老李","云天明"
7967,1,"老李","云天明"
7970,-1,"老李","云天明"
7979,-1,"老李","云天明"
7995,1,"胡文","云天明"
7997,1,"云天明","程心"
7999,1,"胡文","云天明"
7999,1,"胡文","程心"
7999,1,"云天明","程心"
8000,-1,"胡文","云天明"
8002,1,"胡文","云天明"
8003,1,"胡文","云天明"
8003,1,"胡文","程心"
8003,1,"云天明","程心"
8008,-1,"胡文","云天明"
8013,1,"胡文","云天明"
8024,-1,"老李","云天明"
8043,-1,"胡文","云天明"
8043,-1,"胡文","程心"
8043,-1,"云天明","程心"
8051,1,"何博士","云天明"
8065,1,"何博士","云天明"
8065,1,"何博士","程心"
8065,1,"云天明","程心"
8072,-1,"何博士","云天明"
8076,-1,"何博士","云天明"
8078,1,"何博士","云天明"
8079,-1,"何博士","云天明"
8081,1,"何博士","云天明"
8082,-1,"何博士","云天明"
8083,-1,"何博士","云天明"
8083,-1,"何博士","程心"
8083,-1,"云天明","程心"
8087,1,"老李","云天明"
8099,-1,"云天明","程心"
8100,1,"云天明","程心"
8101,1,"云天明","程心"
8102,-1,"胡文","云天明"
8102,-1,"胡文","程心"
8102,-1,"云天明","程心"
8103,-1,"云天明","程心"
8107,1,"云天明","程心"
8112,-1,"云天明","程心"
8114,1,"云天明","程心"
8149,1,"云天明","程心"
8151,1,"云天明","程心"
8160,1,"程心","瓦季姆"
8163,1,"程心","维德"
8163,1,"程心","瓦季姆"
8163,1,"维德","瓦季姆"
8165,-1,"程心","维德"
8171,1,"于维民","程心"
8171,1,"于维民","维德"
8171,1,"程心","维德"
8172,1,"程心","维德"
8172,1,"程心","瓦季姆"
8172,1,"维德","瓦季姆"
8174,-1,"程心","维德"
8185,1,"维德","瓦季姆"
8188,-1,"程心","维德"
8200,1,"柯曼琳","程心"
8226,1,"程心","瓦季姆"
8236,-1,"程心","维德"
8246,-1,"维德","智子"
8247,1,"维德","智子"
8275,1,"程心","维德"
8277,1,"程心","维德"
8277,1,"程心","瓦季姆"
8277,1,"维德","瓦季姆"
8284,-1,"程心","瓦季姆"
8286,1,"程心","瓦季姆"
8287,-1,"柯曼琳","程心"
8291,1,"柯曼琳","程心"
8291,1,"柯曼琳","维德"
8291,1,"柯曼琳","瓦季姆"
8291,1,"程心","维德"
8291,1,"程心","瓦季姆"
8291,1,"维德","瓦季姆"
8295,1,"程心","维德"
8295,1,"程心","瓦季姆"
8295,1,"维德","瓦季姆"
8300,-1,"维德","瓦季姆"
8306,1,"柯曼琳","程心"
8306,1,"柯曼琳","维德"
8306,1,"柯曼琳","瓦季姆"
8306,1,"程心","维德"
8306,1,"程心","瓦季姆"
8306,1,"维德","瓦季姆"
8307,1,"罗辑","维德"
8324,-1,"程心","维德"
8324,-1,"程心","瓦季姆"
8324,-1,"维德","瓦季姆"
8327,1,"程心","维德"
8334,-1,"程心","维德"
8334,-1,"程心","瓦季姆"
8334,-1,"维德","瓦季姆"
8338,-1,"程心","维德"
8341,1,"程心","瓦季姆"
8354,1,"程心","瓦季姆"
8361,1,"程心","瓦季姆"
8364,-1,"程心","维德"
8369,1,"程心","瓦季姆"
8374,1,"胡文","于维民"
8374,1,"胡文","云天明"
8374,1,"胡文","程心"
8374,1,"于维民","云天明"
8374,1,"于维民","程心"
8374,1,"云天明","程心"
8376,1,"于维民","云天明"
8376,1,"于维民","程心"
8376,1,"云天明","程心"
8378,-1,"云天明","程心"
8381,1,"云天明","程心"
8383,-1,"云天明","程心"
8394,1,"程心","瓦季姆"
8395,-1,"程心","瓦季姆"
8398,-1,"程心","瓦季姆"
8399,-1,"云天明","程心"
8399,-1,"云天明","瓦季姆"
8399,-1,"程心","瓦季姆"
8401,1,"云天明","程心"
8406,1,"云天明","程心"
8407,-1,"于维民","程心"
8407,-1,"于维民","维德"
8407,-1,"程心","维德"
8408,1,"程心","维德"
8409,1,"程心","维德"
8411,-1,"程心","维德"
8422,1,"胡文","程心"
8424,-1,"程心","维德"
8432,1,"萨伊","云天明"
8432,1,"萨伊","程心"
8432,1,"萨伊","维德"
8432,1,"云天明","程心"
8432,1,"云天明","维德"
8432,1,"程心","维德"
8433,1,"云天明","程心"
8434,1,"萨伊","云天明"
8435,1,"云天明","程心"
8436,1,"萨伊","云天明"
8441,-1,"程心","维德"
8452,-1,"程心","维德"
8469,-1,"程心","维德"
8478,1,"程心","维德"
8489,-1,"程心","维德"
8501,-1,"云天明","程心"
8617,1,"卡尔","鲍里斯"
8631,1,"塞巴斯蒂安","鲍里斯"
8655,1,"程心","AA"
8658,1,"程心","AA"
8662,1,"程心","AA"
8672,-1,"程心","AA"
8683,-1,"罗辑","AA"
8688,-1,"程心","AA"
8690,-1,"程心","AA"
8692,-1,"程心","AA"
8694,1,"程心","AA"
8700,-1,"程心","维德"
8701,-1,"程心","维德"
8703,-1,"程心","维德"
8707,-1,"程心","瓦季姆"
8709,-1,"程心","维德"
8710,-1,"程心","AA"
8751,1,"程心","AA"
8753,1,"程心","AA"
8755,1,"程心","AA"
8759,1,"程心","AA"
8771,1,"程心","智子"
8773,1,"程心","AA"
8773,1,"程心","智子"
8773,1,"AA","智子"
8775,-1,"程心","智子"
8776,1,"东方延绪","智子"
8777,1,"程心","AA"
8777,1,"程心","智子"
8777,1,"AA","智子"
8781,1,"程心","智子"
8783,1,"程心","AA"
8787,-1,"程心","智子"
8790,1,"程心","毕云峰"
8791,-1,"丁仪","曹彬"
8791,-1,"丁仪","智子"
8791,-1,"曹彬","智子"
8793,1,"程心","智子"
8794,1,"安东诺夫","曹彬"
8794,1,"安东诺夫","伊万"
8794,1,"曹彬","伊万"
8797,-1,"安东诺夫","A·J"
8798,-1,"程心","A·J"
8802,-1,"罗辑","程心"
8803,-1,"程心","AA"
8808,-1,"维德","AA"
8810,-1,"叶文洁","章北海"
8810,-1,"叶文洁","维德"
8810,-1,"叶文洁","AA"
8810,-1,"章北海","维德"
8810,-1,"章北海","AA"
8810,-1,"维德","AA"
8814,-1,"罗辑","程心"
8814,-1,"罗辑","维德"
8814,-1,"程心","维德"
8819,1,"罗辑","程心"
8822,1,"云天明","程心"
8858,-1,"韦斯特","戴文"
8867,1,"戴文","智子"
8867,1,"戴文","朴义君"
8867,1,"智子","朴义君"
8889,-1,"薇拉","艾克"
8890,1,"薇拉","艾克"
8895,1,"薇拉","艾克"
8896,-1,"薇拉","艾克"
8897,-1,"薇拉","艾克"
8904,-1,"薇拉","艾克"
8905,1,"薇拉","艾克"
8908,1,"韦斯特","艾克"
8918,1,"艾克","刘晓明"
8919,1,"韦斯特","关一帆"
8920,-1,"韦斯特","关一帆"
8925,1,"韦斯特","关一帆"
8932,-1,"韦斯特","关一帆"
8936,-1,"韦斯特","关一帆"
8945,-1,"韦斯特","关一帆"
8958,1,"韦斯特","关一帆"
8960,-1,"韦斯特","关一帆"
9006,-1,"罗辑","庄颜"
9007,-1,"罗辑","庄颜"
9010,-1,"罗辑","智子"
9016,1,"罗辑","程心"
9021,-1,"罗辑","程心"
9025,1,"罗辑","程心"
9029,-1,"罗辑","程心"
9049,-1,"罗辑","程心"
9096,-1,"程心","AA"
9097,1,"程心","AA"
9116,-1,"程心","AA"
9124,1,"程心","智子"
9125,-1,"程心","AA"
9125,-1,"程心","智子"
9125,-1,"AA","智子"
9126,1,"东方延绪","程心"
9126,1,"东方延绪","智子"
9126,1,"程心","智子"
9138,1,"罗辑","维德"
9138,1,"罗辑","智子"
9138,1,"维德","智子"
9139,-1,"程心","智子"
9142,-1,"程心","AA"
9142,-1,"程心","智子"
9142,-1,"AA","智子"
9145,-1,"斐兹罗","林格"
9177,1,"程心","弗雷斯"
9179,1,"程心","AA"
9180,-1,"程心","AA"
9183,-1,"程心","AA"
9187,1,"程心","弗雷斯"
9190,1,"AA","弗雷斯"
9194,1,"程心","维德"
9196,-1,"程心","维德"
9198,1,"程心","维德"
9200,-1,"程心","维德"
9204,1,"程心","维德"
9205,-1,"程心","维德"
9234,-1,"程心","弗雷斯"
9236,-1,"程心","AA"
9236,-1,"程心","弗雷斯"
9236,-1,"AA","弗雷斯"
9239,1,"程心","弗雷斯"
9241,1,"程心","维德"
9242,-1,"程心","维德"
9242,-1,"程心","弗雷斯"
9242,-1,"维德","弗雷斯"
9244,-1,"程心","智子"
9244,-1,"程心","弗雷斯"
9244,-1,"智子","弗雷斯"
9247,1,"程心","弗雷斯"
9257,-1,"东方延绪","程心"
9281,1,"安东诺夫","毕云峰"
9281,1,"安东诺夫","曹彬"
9281,1,"毕云峰","曹彬"
9283,-1,"程心","弗雷斯"
9284,-1,"东方延绪","程心"
9292,-1,"东方延绪","程心"
9299,1,"程心","智子"
9304,-1,"程心","智子"
9310,1,"程心","智子"
9317,1,"程心","智子"
9364,1,"程心","AA"
9364,1,"程心","智子"
9364,1,"程心","弗雷斯"
9364,1,"AA","智子"
9364,1,"AA","弗雷斯"
9364,1,"智子","弗雷斯"
9407,1,"东方延绪","智子"
9413,1,"韦斯特","戴文"
9413,1,"韦斯特","智子"
9413,1,"戴文","智子"
9425,-1,"约瑟夫","莫沃维奇"
9435,1,"约瑟夫","莫沃维奇"
9463,-1,"约瑟夫","莫沃维奇"
9469,1,"东方延绪","程心"
9469,1,"东方延绪","褚岩"
9469,1,"程心","褚岩"
9472,1,"约瑟夫","莫沃维奇"
9476,-1,"约瑟夫","莫沃维奇"
9477,-1,"约瑟夫","褚岩"
9477,-1,"约瑟夫","莫沃维奇"
9477,-1,"褚岩","莫沃维奇"
9484,-1,"约瑟夫","莫沃维奇"
9502,-1,"程心","智子"
9524,-1,"约瑟夫","关一帆"
9524,-1,"约瑟夫","莫沃维奇"
9524,-1,"关一帆","莫沃维奇"
9526,-1,"约瑟夫","薇拉"
9526,-1,"约瑟夫","艾克"
9526,-1,"约瑟夫","褚岩"
9526,-1,"约瑟夫","关一帆"
9526,-1,"约瑟夫","莫沃维奇"
9526,-1,"薇拉","艾克"
9526,-1,"薇拉","褚岩"
9526,-1,"薇拉","关一帆"
9526,-1,"薇拉","莫沃维奇"
9526,-1,"艾克","褚岩"
9526,-1,"艾克","关一帆"
9526,-1,"艾克","莫沃维奇"
9526,-1,"褚岩","关一帆"
9526,-1,"褚岩","莫沃维奇"
9526,-1,"关一帆","莫沃维奇"
9527,-1,"约瑟夫","褚岩"
9527,-1,"约瑟夫","关一帆"
9527,-1,"约瑟夫","莫沃维奇"
9527,-1,"褚岩","关一帆"
9527,-1,"褚岩","莫沃维奇"
9527,-1,"关一帆","莫沃维奇"
9532,1,"约瑟夫","关一帆"
9532,1,"约瑟夫","莫沃维奇"
9532,1,"关一帆","莫沃维奇"
9535,1,"约瑟夫","关一帆"
9535,1,"约瑟夫","莫沃维奇"
9535,1,"关一帆","莫沃维奇"
9536,1,"约瑟夫","褚岩"
9536,1,"约瑟夫","关一帆"
9536,1,"约瑟夫","莫沃维奇"
9536,1,"褚岩","关一帆"
9536,1,"褚岩","莫沃维奇"
9536,1,"关一帆","莫沃维奇"
9538,-1,"约瑟夫","关一帆"
9538,-1,"约瑟夫","莫沃维奇"
9538,-1,"关一帆","莫沃维奇"
9539,-1,"约瑟夫","关一帆"
9539,-1,"约瑟夫","莫沃维奇"
9539,-1,"关一帆","莫沃维奇"
9541,1,"约瑟夫","关一帆"
9541,1,"约瑟夫","莫沃维奇"
9541,1,"关一帆","莫沃维奇"
9551,-1,"约瑟夫","关一帆"
9551,-1,"约瑟夫","莫沃维奇"
9551,-1,"关一帆","莫沃维奇"
9559,1,"褚岩","关一帆"
9569,-1,"约瑟夫","韦斯特"
9569,-1,"约瑟夫","关一帆"
9569,-1,"约瑟夫","莫沃维奇"
9569,-1,"韦斯特","关一帆"
9569,-1,"韦斯特","莫沃维奇"
9569,-1,"关一帆","莫沃维奇"
9588,-1,"褚岩","关一帆"
9600,1,"韦斯特","关一帆"
9600,1,"韦斯特","卓文"
9600,1,"关一帆","卓文"
9607,-1,"韦斯特","关一帆"
9607,-1,"韦斯特","卓文"
9607,-1,"关一帆","卓文"
9617,1,"韦斯特","关一帆"
9617,1,"韦斯特","卓文"
9617,1,"关一帆","卓文"
9630,1,"韦斯特","关一帆"
9630,1,"韦斯特","卓文"
9630,1,"关一帆","卓文"
9719,1,"程心","AA"
9735,-1,"程心","AA"
9735,-1,"程心","弗雷斯"
9735,-1,"AA","弗雷斯"
9736,-1,"程心","AA"
9736,-1,"程心","弗雷斯"
9736,-1,"AA","弗雷斯"
9743,-1,"程心","弗雷斯"
9747,1,"程心","弗雷斯"
9764,-1,"罗辑","程心"
9764,-1,"罗辑","维德"
9764,-1,"罗辑","智子"
9764,-1,"罗辑","弗雷斯"
9764,-1,"程心","维德"
9764,-1,"程心","智子"
9764,-1,"程心","弗雷斯"
9764,-1,"维德","智子"
9764,-1,"维德","弗雷斯"
9764,-1,"智子","弗雷斯"
9767,1,"程心","智子"
9768,1,"程心","智子"
9782,1,"程心","智子"
9787,-1,"罗辑","程心"
9807,1,"罗辑","程心"
9807,1,"罗辑","智子"
9807,1,"程心","智子"
9808,1,"罗辑","程心"
9808,1,"罗辑","智子"
9808,1,"程心","智子"
9812,-1,"罗辑","程心"
9813,1,"罗辑","程心"
9813,1,"罗辑","智子"
9813,1,"程心","智子"
9816,1,"罗辑","智子"
9863,1,"程心","弗雷斯"
9865,1,"程心","弗雷斯"
9876,-1,"罗辑","程心"
9876,-1,"罗辑","智子"
9876,-1,"程心","智子"
9878,-1,"罗辑","程心"
9878,-1,"罗辑","智子"
9878,-1,"程心","智子"
9879,1,"程心","智子"
9894,1,"云天明","程心"
9900,1,"云天明","程心"
9929,1,"罗辑","云天明"
9929,1,"罗辑","程心"
9929,1,"罗辑","智子"
9929,1,"云天明","程心"
9929,1,"云天明","智子"
9929,1,"程心","智子"
9942,-1,"云天明","智子"
9959,-1,"程心","弗雷斯"
9965,-1,"程心","智子"
9967,-1,"程心","智子"
9969,-1,"云天明","程心"
9974,1,"云天明","程心"
9976,1,"云天明","程心"
9984,-1,"云天明","程心"
9995,-1,"云天明","程心"
10006,-1,"云天明","程心"
10006,-1,"云天明","智子"
10006,-1,"程心","智子"
10015,1,"云天明","程心"
10019,1,"云天明","程心"
10032,-1,"云天明","程心"
10034,-1,"云天明","程心"
10035,1,"云天明","程心"
10036,-1,"常伟思","云天明"
10036,-1,"常伟思","程心"
10036,-1,"常伟思","智子"
10036,-1,"常伟思","深水王子"
10036,-1,"云天明","程心"
10036,-1,"云天明","智子"
10036,-1,"云天明","深水王子"
10036,-1,"程心","智子"
10036,-1,"程心","深水王子"
10036,-1,"智子","深水王子"
10038,-1,"程心","智子"
10043,-1,"云天明","程心"
10044,1,"云天明","程心"
10044,1,"云天明","智子"
10044,1,"程心","智子"
10046,-1,"程心","智子"
10048,1,"云天明","程心"
10052,-1,"程心","智子"
10065,1,"云天明","程心"
10073,1,"云天明","程心"
10074,1,"程心","维德"
10076,1,"程心","维德"
10077,-1,"云天明","程心"
10079,-1,"云天明","程心"
10081,-1,"程心","AA"
10083,1,"程心","AA"
10086,-1,"云天明","智子"
10087,-1,"云天明","程心"
10087,-1,"云天明","智子"
10087,-1,"程心","智子"
10210,1,"东方延绪","深水王子"
10229,-1,"露珠公主","针眼画师"
10327,-1,"露珠公主","长帆"
10359,1,"露珠公主","长帆"
10438,-1,"深水王子","露珠公主"
10443,1,"叶文洁","深水王子"
10443,1,"叶文洁","露珠公主"
10443,1,"深水王子","露珠公主"
10458,1,"东方延绪","空灵画师"
10460,-1,"深水王子","针眼画师"
10463,-1,"深水王子","露珠公主"
10471,1,"深水王子","露珠公主"
10472,-1,"针眼画师","长帆"
10474,1,"露珠公主","长帆"
10496,-1,"露珠公主","长帆"
10497,1,"露珠公主","长帆"
10501,-1,"云天明","程心"
10501,-1,"云天明","露珠公主"
10501,-1,"程心","露珠公主"
10520,-1,"云天明","程心"
10520,-1,"云天明","深水王子"
10520,-1,"云天明","露珠公主"
10520,-1,"云天明","空灵画师"
10520,-1,"云天明","长帆"
10520,-1,"程心","深水王子"
10520,-1,"程心","露珠公主"
10520,-1,"程心","空灵画师"
10520,-1,"程心","长帆"
10520,-1,"深水王子","露珠公主"
10520,-1,"深水王子","空灵画师"
10520,-1,"深水王子","长帆"
10520,-1,"露珠公主","空灵画师"
10520,-1,"露珠公主","长帆"
10520,-1,"空灵画师","长帆"
10524,-1,"云天明","智子"
10570,1,"程心","AA"
10578,-1,"程心","AA"
10586,1,"程心","AA"
10591,1,"程心","AA"
10596,1,"程心","AA"
10599,-1,"云天明","程心"
10602,1,"程心","AA"
10604,1,"程心","AA"
10617,1,"程心","AA"
10623,-1,"程心","智子"
10643,1,"程心","AA"
10644,-1,"云天明","程心"
10655,-1,"毕云峰","曹彬"
10707,1,"毕云峰","曹彬"
10707,1,"毕云峰","AA"
10707,1,"毕云峰","巴勒莫"
10707,1,"曹彬","AA"
10707,1,"曹彬","巴勒莫"
10707,1,"AA","巴勒莫"
10708,1,"程心","弗雷斯"
10708,1,"程心","杰森"
10708,1,"弗雷斯","杰森"
10714,1,"云天明","杰森"
10728,1,"程心","毕云峰"
10728,1,"程心","曹彬"
10728,1,"程心","AA"
10728,1,"程心","巴勒莫"
10728,1,"程心","杰森"
10728,1,"毕云峰","曹彬"
10728,1,"毕云峰","AA"
10728,1,"毕云峰","巴勒莫"
10728,1,"毕云峰","杰森"
10728,1,"曹彬","AA"
10728,1,"曹彬","巴勒莫"
10728,1,"曹彬","杰森"
10728,1,"AA","巴勒莫"
10728,1,"AA","杰森"
10728,1,"巴勒莫","杰森"
10747,1,"AA","杰森"
10757,1,"程心","杰森"
10811,1,"云天明","程心"
10815,-1,"云天明","程心"
10815,-1,"云天明","AA"
10815,-1,"程心","AA"
10816,1,"云天明","程心"
10829,1,"程心","AA"
10838,1,"程心","AA"
10845,-1,"程心","AA"
10865,1,"程心","AA"
10869,-1,"程心","AA"
10873,-1,"程心","AA"
10886,-1,"程心","智子"
10889,1,"程心","AA"
10890,-1,"程心","AA"
10892,-1,"程心","AA"
10898,-1,"程心","AA"
10908,1,"程心","AA"
10912,-1,"程心","AA"
10914,-1,"程心","AA"
10922,-1,"程心","AA"
10932,1,"程心","AA"
10935,-1,"程心","AA"
10936,-1,"程心","AA"
10937,-1,"程心","AA"
10938,-1,"程心","AA"
10940,-1,"程心","AA"
10947,-1,"程心","AA"
10973,-1,"斐兹罗","林格"
10974,1,"斐兹罗","林格"
10982,-1,"瓦西里","威纳尔"
10982,-1,"瓦西里","阿历克塞"
10982,-1,"威纳尔","阿历克塞"
10995,1,"瓦西里","威纳尔"
10995,1,"瓦西里","阿历克塞"
10995,1,"威纳尔","阿历克塞"
10996,-1,"瓦西里","阿历克塞"
11005,-1,"瓦西里","威纳尔"
11005,-1,"瓦西里","阿历克塞"
11005,-1,"威纳尔","阿历克塞"
11035,1,"云天明","程心"
11043,1,"程心","AA"
11056,1,"程心","维德"
11057,1,"程心","维德"
11058,1,"程心","维德"
11075,-1,"程心","维德"
11077,-1,"程心","维德"
11079,-1,"程心","维德"
11085,1,"程心","维德"
11085,1,"程心","追随者"
11085,1,"维德","追随者"
11087,-1,"程心","维德"
11089,-1,"程心","维德"
11089,-1,"程心","AA"
11089,-1,"维德","AA"
11091,-1,"程心","AA"
11095,1,"程心","维德"
11108,-1,"程心","维德"
11109,1,"程心","维德"
11114,1,"程心","维德"
11118,-1,"程心","维德"
11118,-1,"程心","AA"
11118,-1,"维德","AA"
11120,-1,"程心","AA"
11137,-1,"罗辑","程心"
11153,1,"程心","曹彬"
11154,1,"程心","曹彬"
11156,-1,"程心","曹彬"
11158,1,"程心","曹彬"
11162,-1,"程心","曹彬"
11184,-1,"程心","曹彬"
11186,1,"程心","曹彬"
11194,1,"程心","曹彬"
11197,1,"程心","曹彬"
11203,-1,"程心","曹彬"
11209,-1,"程心","曹彬"
11220,-1,"程心","曹彬"
11226,1,"程心","曹彬"
11228,1,"程心","曹彬"
11229,1,"程心","曹彬"
11237,-1,"程心","曹彬"
11239,1,"程心","曹彬"
11240,-1,"程心","曹彬"
11241,1,"程心","曹彬"
11247,1,"程心","曹彬"
11258,-1,"程心","曹彬"
11266,-1,"程心","曹彬"
11267,-1,"程心","曹彬"
11278,-1,"程心","曹彬"
11279,-1,"程心","曹彬"
11282,-1,"程心","曹彬"
11289,1,"程心","曹彬"
11315,-1,"程心","曹彬"
11317,-1,"程心","曹彬"
11324,1,"程心","维德"
11324,1,"程心","布莱尔"
11324,1,"维德","布莱尔"
11326,1,"程心","曹彬"
11327,1,"维德","AA"
11334,1,"维德","曹彬"
11335,-1,"程心","曹彬"
11341,1,"程心","曹彬"
11354,1,"程心","维德"
11354,1,"程心","毕云峰"
11354,1,"维德","毕云峰"
11356,1,"程心","维德"
11356,1,"程心","毕云峰"
11356,1,"维德","毕云峰"
11357,1,"程心","维德"
11359,-1,"程心","维德"
11359,-1,"程心","毕云峰"
11359,-1,"程心","曹彬"
11359,-1,"程心","智子"
11359,-1,"维德","毕云峰"
11359,-1,"维德","曹彬"
11359,-1,"维德","智子"
11359,-1,"毕云峰","曹彬"
11359,-1,"毕云峰","智子"
11359,-1,"曹彬","智子"
11362,-1,"程心","维德"
11362,-1,"程心","毕云峰"
11362,-1,"维德","毕云峰"
11363,1,"程心","维德"
11365,-1,"程心","维德"
11365,-1,"程心","毕云峰"
11365,-1,"维德","毕云峰"
11383,-1,"程心","维德"
11388,-1,"程心","维德"
11391,-1,"程心","维德"
11401,-1,"程心","维德"
11403,-1,"程心","维德"
11406,-1,"程心","维德"
11408,-1,"程心","维德"
11408,-1,"程心","毕云峰"
11408,-1,"维德","毕云峰"
11410,-1,"程心","维德"
11413,-1,"程心","维德"
11421,1,"程心","维德"
11422,1,"程心","维德"
11430,-1,"程心","维德"
11433,1,"程心","AA"
11434,-1,"程心","维德"
11436,-1,"程心","AA"
11438,-1,"智子","弗雷斯"
11530,-1,"程心","AA"
11538,-1,"程心","曹彬"
11539,1,"程心","毕云峰"
11539,1,"程心","曹彬"
11539,1,"毕云峰","曹彬"
11543,-1,"程心","曹彬"
11547,1,"程心","曹彬"
11566,1,"瓦西里","阿历克塞"
11569,-1,"丁仪","智子"
11569,-1,"丁仪","白艾思"
11569,-1,"智子","白艾思"
11570,1,"瓦西里","阿历克塞"
11575,-1,"瓦西里","阿历克塞"
11601,1,"瓦西里","阿历克塞"
11605,-1,"瓦西里","阿历克塞"
11607,1,"瓦西里","阿历克塞"
11609,1,"瓦西里","阿历克塞"
11611,-1,"瓦西里","阿历克塞"
11629,1,"丁仪","白艾思"
11630,1,"丁仪","白艾思"
11633,-1,"丁仪","白艾思"
11635,-1,"丁仪","白艾思"
11637,-1,"丁仪","白艾思"
11648,-1,"丁仪","白艾思"
11652,-1,"丁仪","白艾思"
11655,-1,"丁仪","白艾思"
11657,-1,"瓦西里","阿历克塞"
11662,-1,"瓦西里","阿历克塞"
11666,1,"瓦西里","阿历克塞"
11674,-1,"瓦西里","阿历克塞"
11681,1,"瓦西里","阿历克塞"
11684,-1,"瓦西里","阿历克塞"
11714,-1,"瓦西里","阿历克塞"
11752,-1,"程心","曹彬"
11752,-1,"程心","AA"
11752,-1,"曹彬","AA"
11757,1,"程心","AA"
11768,1,"程心","曹彬"
11768,1,"程心","AA"
11768,1,"曹彬","AA"
11769,-1,"程心","AA"
11770,1,"程心","AA"
11775,1,"程心","AA"
11782,1,"程心","AA"
11784,1,"程心","AA"
11787,1,"程心","AA"
11795,-1,"罗辑","程心"
11795,-1,"罗辑","AA"
11795,-1,"程心","AA"
11797,1,"罗辑","程心"
11798,1,"罗辑","程心"
11804,1,"罗辑","程心"
11812,1,"罗辑","萨伊"
11812,1,"罗辑","程心"
11812,1,"萨伊","程心"
11815,1,"萨伊","程心"
11815,1,"萨伊","维德"
11815,1,"程心","维德"
11823,1,"程心","AA"
11851,-1,"罗辑","程心"
11857,1,"程心","AA"
11859,1,"程心","AA"
11871,-1,"程心","AA"
11875,-1,"罗辑","程心"
11878,1,"罗辑","程心"
11878,1,"罗辑","AA"
11878,1,"程心","AA"
11885,1,"程心","AA"
11887,1,"程心","AA"
11892,1,"程心","AA"
11923,1,"罗辑","AA"
11924,1,"罗辑","程心"
11924,1,"罗辑","AA"
11924,1,"程心","AA"
11936,1,"罗辑","程心"
11936,1,"罗辑","AA"
11936,1,"程心","AA"
11956,-1,"罗辑","程心"
11956,-1,"罗辑","AA"
11956,-1,"程心","AA"
11964,1,"罗辑","程心"
11965,-1,"程心","AA"
12009,-1,"罗辑","程心"
12009,-1,"罗辑","AA"
12009,-1,"程心","AA"
12010,1,"程心","AA"
12024,1,"程心","AA"
12026,-1,"程心","AA"
12027,-1,"雷迪亚兹","维德"
12034,-1,"罗辑","曹彬"
12039,1,"程心","AA"
12051,-1,"程心","AA"
12069,-1,"程心","智子"
12080,1,"罗辑","维德"
12082,1,"罗辑","程心"
12089,1,"程心","维德"
12094,-1,"程心","AA"
12095,-1,"程心","AA"
12099,1,"程心","AA"
12115,-1,"程心","AA"
12118,1,"程心","AA"
12123,-1,"程心","AA"
12128,-1,"程心","AA"
12134,-1,"程心","AA"
12140,-1,"程心","维德"
12140,-1,"程心","AA"
12140,-1,"维德","AA"
12141,1,"云天明","程心"
12141,1,"云天明","AA"
12141,1,"程心","AA"
12144,1,"程心","AA"
12150,-1,"程心","AA"
12154,1,"程心","AA"
12162,1,"程心","AA"
12168,1,"程心","AA"
12176,1,"东方延绪","云天明"
12219,1,"程心","AA"
12219,1,"程心","关一帆"
12219,1,"AA","关一帆"
12227,-1,"程心","AA"
12227,-1,"程心","关一帆"
12227,-1,"AA","关一帆"
12241,1,"程心","AA"
12241,1,"程心","关一帆"
12241,1,"AA","关一帆"
12242,-1,"程心","AA"
12245,1,"程心","AA"
12245,1,"程心","关一帆"
12245,1,"AA","关一帆"
12247,1,"程心","AA"
12248,1,"云天明","程心"
12252,1,"程心","AA"
12252,1,"程心","关一帆"
12252,1,"AA","关一帆"
12254,-1,"AA","关一帆"
12255,-1,"程心","AA"
12255,-1,"程心","关一帆"
12255,-1,"AA","关一帆"
12259,-1,"程心","关一帆"
12261,1,"程心","关一帆"
12268,1,"云天明","程心"
12268,1,"云天明","关一帆"
12268,1,"程心","关一帆"
12302,-1,"程心","关一帆"
12326,-1,"程心","关一帆"
12346,-1,"程心","关一帆"
12349,1,"程心","关一帆"
12350,1,"程心","关一帆"
12352,-1,"程心","关一帆"
12354,-1,"程心","关一帆"
12358,-1,"程心","关一帆"
12359,-1,"程心","关一帆"
12382,-1,"程心","关一帆"
12401,1,"程心","关一帆"
12408,-1,"程心","关一帆"
12429,-1,"程心","关一帆"
12431,-1,"程心","关一帆"
12432,1,"程心","关一帆"
12433,-1,"程心","关一帆"
12436,-1,"程心","关一帆"
12441,1,"程心","关一帆"
12454,-1,"云天明","程心"
12454,-1,"云天明","AA"
12454,-1,"程心","AA"
12457,-1,"程心","关一帆"
12462,-1,"程心","关一帆"
12474,1,"程心","关一帆"
12480,-1,"程心","关一帆"
12484,-1,"程心","关一帆"
12498,1,"程心","关一帆"
12501,1,"程心","关一帆"
12506,-1,"程心","关一帆"
12510,-1,"程心","关一帆"
12514,-1,"程心","关一帆"
12522,-1,"程心","关一帆"
12524,-1,"程心","关一帆"
12527,1,"程心","关一帆"
12530,1,"程心","关一帆"
12535,1,"程心","关一帆"
12545,-1,"程心","关一帆"
12547,-1,"叶文洁","云天明"
12547,-1,"叶文洁","程心"
12547,-1,"叶文洁","关一帆"
12547,-1,"云天明","程心"
12547,-1,"云天明","关一帆"
12547,-1,"程心","关一帆"
12555,-1,"程心","关一帆"
12563,1,"程心","关一帆"
12566,1,"程心","关一帆"
12573,-1,"程心","关一帆"
12580,1,"云天明","程心"
12580,1,"云天明","AA"
12580,1,"云天明","关一帆"
12580,1,"程心","AA"
12580,1,"程心","关一帆"
12580,1,"AA","关一帆"
12594,1,"程心","关一帆"
12604,-1,"程心","关一帆"
12605,-1,"程心","关一帆"
12610,1,"程心","关一帆"
12630,1,"云天明","程心"
12630,1,"云天明","关一帆"
12630,1,"程心","关一帆"
12631,-1,"程心","关一帆"
12636,-1,"智子","关一帆"
12638,1,"程心","智子"
12639,1,"程心","智子"
12639,1,"程心","关一帆"
12639,1,"智子","关一帆"
12644,1,"程心","智子"
12644,1,"程心","关一帆"
12644,1,"智子","关一帆"
12646,1,"云天明","智子"
12651,1,"云天明","程心"
12651,1,"云天明","AA"
12651,1,"云天明","智子"
12651,1,"云天明","关一帆"
12651,1,"程心","AA"
12651,1,"程心","智子"
12651,1,"程心","关一帆"
12651,1,"AA","智子"
12651,1,"AA","关一帆"
12651,1,"智子","关一帆"
12666,-1,"云天明","程心"
12666,-1,"云天明","AA"
12666,-1,"云天明","关一帆"
12666,-1,"程心","AA"
12666,-1,"程心","关一帆"
12666,-1,"AA","关一帆"
12670,-1,"程心","AA"
12670,-1,"程心","关一帆"
12670,-1,"AA","关一帆"
12673,1,"程心","智子"
12674,-1,"程心","关一帆"
12677,1,"程心","关一帆"
12678,1,"云天明","程心"
12678,1,"云天明","智子"
12678,1,"程心","智子"
12681,-1,"AA","关一帆"
12682,-1,"程心","关一帆"
12687,1,"程心","关一帆"
12693,1,"程心","智子"
12693,1,"程心","关一帆"
12693,1,"智子","关一帆"
12703,1,"程心","关一帆"
12704,1,"程心","关一帆"
12705,1,"程心","关一帆"
12717,1,"程心","关一帆"
12722,1,"程心","关一帆"
12728,1,"程心","关一帆"
12733,1,"程心","智子"
12733,1,"程心","关一帆"
12733,1,"智子","关一帆"
12736,-1,"程心","关一帆"
12741,1,"程心","关一帆"
12743,-1,"程心","关一帆"
12748,1,"云天明","智子"
12753,-1,"程心","智子"
12754,1,"程心","智子"
12772,-1,"程心","智子"
12772,-1,"程心","关一帆"
12772,-1,"智子","关一帆"
12773,1,"程心","关一帆"
12781,-1,"程心","关一帆"
12795,1,"程心","关一帆"
12797,1,"程心","智子"
12798,1,"程心","关一帆"
12800,1,"程心","智子"
12800,1,"程心","关一帆"
12800,1,"智子","关一帆"
18,-1,"史强","汪淼"
19,1,"常伟思","汪淼"
36,-1,"史强","汪淼"
42,-1,"史强","汪淼"
45,-1,"史强","汪淼"
45,-1,"常伟思","汪淼"
45,-1,"常伟思","史强"
46,-1,"史强","汪淼"
47,-1,"史强","汪淼"
48,-1,"常伟思","史强"
51,-1,"史强","汪淼"
51,-1,"常伟思","汪淼"
51,-1,"常伟思","史强"
54,1,"常伟思","史强"
65,-1,"史强","汪淼"
75,1,"杨冬","汪淼"
82,-1,"史强","汪淼"
83,1,"史强","汪淼"
87,1,"杨冬","汪淼"
87,1,"丁仪","汪淼"
87,1,"丁仪","杨冬"
88,-1,"史强","汪淼"
88,-1,"杨冬","汪淼"
88,-1,"丁仪","汪淼"
88,-1,"杨冬","史强"
88,-1,"丁仪","史强"
88,-1,"丁仪","杨冬"
95,1,"常伟思","汪淼"
97,-1,"常伟思","史强"
99,1,"史强","汪淼"
99,1,"丁仪","汪淼"
99,1,"申玉菲","汪淼"
99,1,"丁仪","史强"
99,1,"申玉菲","史强"
99,1,"申玉菲","丁仪"
104,-1,"史强","汪淼"
104,-1,"常伟思","汪淼"
104,-1,"常伟思","史强"
112,1,"史强","汪淼"
117,1,"史强","汪淼"
120,-1,"常伟思","史强"
127,1,"史强","汪淼"
127,1,"常伟思","汪淼"
127,1,"常伟思","史强"
145,1,"丁仪","汪淼"
146,-1,"丁仪","汪淼"
149,-1,"杨冬","汪淼"
149,-1,"丁仪","汪淼"
149,-1,"丁仪","杨冬"
151,-1,"丁仪","汪淼"
153,-1,"杨冬","汪淼"
153,-1,"丁仪","汪淼"
153,-1,"丁仪","杨冬"
162,-1,"丁仪","汪淼"
176,1,"丁仪","汪淼"
179,-1,"丁仪","汪淼"
184,1,"丁仪","汪淼"
193,-1,"杨冬","汪淼"
193,-1,"丁仪","汪淼"
193,-1,"丁仪","杨冬"
252,-1,"豆豆","汪淼"
260,1,"申玉菲","丁仪"
261,-1,"申玉菲","汪淼"
263,-1,"申玉菲","汪淼"
266,1,"申玉菲","汪淼"
267,1,"魏成","汪淼"
267,1,"申玉菲","汪淼"
267,1,"申玉菲","魏成"
268,-1,"魏成","汪淼"
269,-1,"魏成","汪淼"
271,-1,"申玉菲","汪淼"
285,1,"申玉菲","汪淼"
288,-1,"申玉菲","汪淼"
296,-1,"潘寒","汪淼"
296,-1,"申玉菲","汪淼"
296,-1,"申玉菲","潘寒"
307,-1,"我的主","汪淼"
323,1,"豆豆","李瑶"
348,-1,"申玉菲","汪淼"
359,-1,"申玉菲","汪淼"
382,-1,"申玉菲","汪淼"
392,1,"追随者","周文王"
392,1,"纣王","周文王"
392,1,"纣王","追随者"
394,1,"周文王","汪淼"
395,-1,"追随者","周文王"
400,-1,"周文王","汪淼"
400,-1,"追随者","汪淼"
400,-1,"追随者","周文王"
401,-1,"追随者","汪淼"
412,-1,"追随者","周文王"
415,1,"周文王","汪淼"
415,1,"追随者","汪淼"
415,1,"追随者","周文王"
424,1,"周文王","汪淼"
424,1,"追随者","汪淼"
424,1,"追随者","周文王"
425,-1,"追随者","汪淼"
438,-1,"周文王","汪淼"
438,-1,"追随者","汪淼"
438,-1,"追随者","周文王"
458,-1,"周文王","汪淼"
466,-1,"周文王","汪淼"
466,-1,"纣王","汪淼"
466,-1,"纣王","周文王"
467,-1,"周文王","汪淼"
467,-1,"纣王","汪淼"
467,-1,"纣王","周文王"
468,-1,"纣王","汪淼"
469,-1,"周文王","汪淼"
469,-1,"纣王","汪淼"
469,-1,"伏羲","汪淼"
469,-1,"纣王","周文王"
469,-1,"伏羲","周文王"
469,-1,"伏羲","纣王"
471,-1,"纣王","汪淼"
471,-1,"伏羲","汪淼"
471,-1,"伏羲","纣王"
480,1,"周文王","汪淼"
481,1,"纣王","周文王"
485,1,"周文王","汪淼"
486,1,"周文王","汪淼"
496,-1,"纣王","周文王"
500,-1,"周文王","汪淼"
500,-1,"纣王","汪淼"
500,-1,"纣王","周文王"
505,-1,"周文王","汪淼"
505,-1,"追随者","汪淼"
505,-1,"追随者","周文王"
513,-1,"杨冬","汪淼"
513,-1,"丁仪","汪淼"
513,-1,"丁仪","杨冬"
528,1,"杨冬","汪淼"
528,1,"叶文洁","汪淼"
528,1,"叶文洁","杨冬"
532,-1,"叶文洁","汪淼"
533,1,"杨冬","汪淼"
534,-1,"杨冬","汪淼"
535,-1,"杨冬","汪淼"
537,-1,"杨冬","汪淼"
539,1,"杨冬","汪淼"
539,1,"叶文洁","汪淼"
539,1,"叶文洁","杨冬"
547,-1,"叶文洁","汪淼"
550,-1,"叶文洁","汪淼"
551,-1,"叶文洁","汪淼"
555,1,"叶文洁","汪淼"
558,1,"杨冬","汪淼"
564,-1,"沙瑞山","汪淼"
570,-1,"沙瑞山","汪淼"
575,-1,"叶文洁","汪淼"
607,1,"叶哲泰","红卫兵"
607,1,"绍琳","红卫兵"
607,1,"绍琳","叶哲泰"
608,-1,"绍琳","叶哲泰"
617,-1,"叶哲泰","红卫兵"
618,-1,"叶哲泰","红卫兵"
619,-1,"叶哲泰","红卫兵"
619,-1,"绍琳","红卫兵"
619,-1,"绍琳","叶哲泰"
620,-1,"绍琳","叶哲泰"
622,-1,"绍琳","叶哲泰"
627,1,"叶哲泰","红卫兵"
627,1,"绍琳","红卫兵"
627,1,"绍琳","叶哲泰"
635,-1,"叶哲泰","红卫兵"
647,1,"叶哲泰","红卫兵"
662,1,"白沐霖","叶文洁"
670,-1,"叶文洁","马钢"
672,1,"白沐霖","叶文洁"
674,-1,"白沐霖","叶文洁"
689,1,"白沐霖","叶文洁"
707,1,"白沐霖","叶文洁"
709,-1,"白沐霖","叶文洁"
711,1,"白沐霖","叶文洁"
726,-1,"白沐霖","叶文洁"
734,1,"白沐霖","叶文洁"
746,1,"程丽华","叶文洁"
747,-1,"程丽华","叶文洁"
753,-1,"叶文洁","红卫兵"
753,-1,"叶文雪","红卫兵"
753,-1,"叶文雪","叶文洁"
767,1,"程丽华","叶文洁"
770,1,"叶文雪","叶文洁"
772,1,"绍琳","叶文洁"
772,1,"白沐霖","叶文洁"
772,1,"白沐霖","绍琳"
784,1,"雷志成","杨卫宁"
785,1,"叶哲泰","叶文洁"
785,1,"杨卫宁","叶文洁"
785,1,"杨卫宁","叶哲泰"
787,1,"杨卫宁","叶文洁"
797,-1,"杨卫宁","叶文洁"
797,-1,"雷志成","叶文洁"
797,-1,"雷志成","杨卫宁"
800,1,"杨卫宁","叶文洁"
800,1,"雷志成","叶文洁"
800,1,"雷志成","杨卫宁"
802,-1,"杨卫宁","叶文洁"
802,-1,"雷志成","叶文洁"
802,-1,"雷志成","杨卫宁"
803,-1,"程丽华","叶文洁"
803,-1,"杨卫宁","叶文洁"
803,-1,"杨卫宁","程丽华"
809,-1,"杨卫宁","叶文洁"
810,1,"杨卫宁","叶文洁"
812,1,"杨卫宁","叶文洁"
817,1,"杨卫宁","叶文洁"
855,1,"沙瑞山","汪淼"
858,-1,"沙瑞山","汪淼"
864,-1,"沙瑞山","汪淼"
865,-1,"沙瑞山","汪淼"
869,1,"沙瑞山","汪淼"
882,1,"沙瑞山","汪淼"
901,-1,"东方延绪","汪淼"
906,-1,"史强","汪淼"
908,-1,"史强","汪淼"
909,1,"史强","汪淼"
917,-1,"史强","汪淼"
924,1,"史强","汪淼"
946,1,"史强","汪淼"
955,-1,"史强","汪淼"
955,-1,"常伟思","汪淼"
955,-1,"常伟思","史强"
997,1,"史强","汪淼"
1001,-1,"纣王","汪淼"
1004,1,"周文王","汪淼"
1007,1,"墨子","周文王"
1009,1,"墨子","汪淼"
1013,1,"墨子","汪淼"
1026,-1,"墨子","汪淼"
1052,1,"墨子","汪淼"
1061,1,"墨子","汪淼"
1066,1,"墨子","汪淼"
1071,1,"墨子","汪淼"
1072,1,"墨子","汪淼"
1082,-1,"墨子","汪淼"
1089,-1,"杨冬","汪淼"
1089,-1,"叶文洁","汪淼"
1089,-1,"叶文洁","杨冬"
1090,1,"叶文洁","汪淼"
1094,1,"叶文洁","汪淼"
1094,1,"沙瑞山","汪淼"
1094,1,"沙瑞山","叶文洁"
1095,1,"史强","汪淼"
1102,1,"叶文洁","汪淼"
1117,1,"杨卫宁","叶文洁"
1117,1,"雷志成","叶文洁"
1117,1,"雷志成","杨卫宁"
1118,1,"雷志成","叶文洁"
1124,-1,"雷志成","叶文洁"
1131,-1,"杨卫宁","叶文洁"
1131,-1,"雷志成","叶文洁"
1131,-1,"雷志成","杨卫宁"
1133,1,"杨卫宁","叶文洁"
1133,1,"雷志成","叶文洁"
1133,1,"雷志成","杨卫宁"
1139,-1,"雷志成","叶文洁"
1140,-1,"雷志成","杨卫宁"
1144,1,"雷志成","杨卫宁"
1146,1,"杨卫宁","叶文洁"
1146,1,"雷志成","叶文洁"
1146,1,"雷志成","杨卫宁"
1147,-1,"雷志成","叶文洁"
1148,1,"雷志成","叶文洁"
1149,-1,"杨卫宁","叶文洁"
1149,-1,"雷志成","叶文洁"
1149,-1,"雷志成","杨卫宁"
1153,1,"杨卫宁","叶文洁"
1156,-1,"雷志成","叶文洁"
1157,1,"杨卫宁","叶文洁"
1162,1,"杨卫宁","叶文洁"
1164,-1,"杨卫宁","叶文洁"
1164,-1,"雷志成","叶文洁"
1164,-1,"雷志成","杨卫宁"
1167,-1,"叶文洁","汪淼"
1252,1,"叶文洁","汪淼"
1273,-1,"杨冬","汪淼"
1273,-1,"叶文洁","汪淼"
1273,-1,"沙瑞山","汪淼"
1273,-1,"杨卫宁","汪淼"
1273,-1,"雷志成","汪淼"
1273,-1,"叶文洁","杨冬"
1273,-1,"沙瑞山","杨冬"
1273,-1,"杨卫宁","杨冬"
1273,-1,"雷志成","杨冬"
1273,-1,"沙瑞山","叶文洁"
1273,-1,"杨卫宁","叶文洁"
1273,-1,"雷志成","叶文洁"
1273,-1,"杨卫宁","沙瑞山"
1273,-1,"雷志成","沙瑞山"
1273,-1,"雷志成","杨卫宁"
1278,-1,"叶文洁","汪淼"
1281,-1,"叶文洁","汪淼"
1283,1,"东方延绪","汪淼"
1283,1,"纣王","汪淼"
1283,1,"墨子","汪淼"
1283,1,"纣王","东方延绪"
1283,1,"墨子","东方延绪"
1283,1,"墨子","纣王"
1288,1,"亚里士多德","东方延绪"
1290,1,"东方延绪","汪淼"
1292,1,"亚里士多德","伽利略"
1294,1,"墨子","东方延绪"
1294,1,"伽利略","东方延绪"
1294,1,"伽利略","墨子"
1319,1,"纣王","汪淼"
1320,1,"达·芬奇","伽利略"
1327,1,"达·芬奇","汪淼"
1333,1,"伽利略","汪淼"
1333,1,"亚里士多德","汪淼"
1333,1,"达·芬奇","汪淼"
1333,1,"亚里士多德","伽利略"
1333,1,"达·芬奇","伽利略"
1333,1,"达·芬奇","亚里士多德"
1342,-1,"史强","汪淼"
1343,-1,"史强","汪淼"
1343,-1,"徐冰冰","汪淼"
1343,-1,"魏成","汪淼"
1343,-1,"申玉菲","汪淼"
1343,-1,"徐冰冰","史强"
1343,-1,"魏成","史强"
1343,-1,"申玉菲","史强"
1343,-1,"魏成","徐冰冰"
1343,-1,"申玉菲","徐冰冰"
1343,-1,"申玉菲","魏成"
1344,-1,"史强","汪淼"
1344,-1,"魏成","汪淼"
1344,-1,"魏成","史强"
1347,-1,"魏成","徐冰冰"
1427,-1,"魏成","史强"
1430,-1,"魏成","史强"
1432,-1,"史强","汪淼"
1432,-1,"徐冰冰","汪淼"
1432,-1,"徐冰冰","史强"
1433,-1,"史强","汪淼"
1433,-1,"魏成","汪淼"
1433,-1,"魏成","史强"
1439,-1,"徐冰冰","汪淼"
1446,1,"史强","汪淼"
1448,-1,"史强","汪淼"
1448,-1,"魏成","汪淼"
1448,-1,"申玉菲","汪淼"
1448,-1,"魏成","史强"
1448,-1,"申玉菲","史强"
1448,-1,"申玉菲","魏成"
1449,-1,"史强","汪淼"
1449,-1,"徐冰冰","汪淼"
1449,-1,"徐冰冰","史强"
1450,-1,"魏成","史强"
1451,-1,"魏成","汪淼"
1452,-1,"魏成","史强"
1458,-1,"潘寒","魏成"
1460,-1,"叶文洁","潘寒"
1460,-1,"申玉菲","潘寒"
1460,-1,"申玉菲","叶文洁"
1463,1,"史强","汪淼"
1463,1,"魏成","汪淼"
1463,1,"魏成","史强"
1467,1,"魏成","汪淼"
1472,-1,"魏成","汪淼"
1477,-1,"东方延绪","汪淼"
1484,-1,"东方延绪","汪淼"
1500,1,"纣王","汪淼"
1500,1,"格里高利","汪淼"
1500,1,"格里高利","纣王"
1534,-1,"墨子","汪淼"
1596,-1,"伏羲","汪淼"
1599,-1,"我的主","汪淼"
1602,1,"我的主","汪淼"
1619,1,"东方延绪","汪淼"
1620,-1,"史强","汪淼"
1620,-1,"潘寒","汪淼"
1620,-1,"申玉菲","汪淼"
1620,-1,"潘寒","史强"
1620,-1,"申玉菲","史强"
1620,-1,"申玉菲","潘寒"
1625,1,"史强","汪淼"
1632,1,"潘寒","汪淼"
1663,-1,"潘寒","汪淼"
1691,1,"伏羲","汪淼"
1702,1,"魏成","汪淼"
1709,1,"周文王","汪淼"
1709,1,"纣王","汪淼"
1709,1,"纣王","周文王"
1765,1,"我的主","汪淼"
1797,1,"叶文洁","汪淼"
1799,-1,"叶文洁","汪淼"
1802,1,"叶文洁","汪淼"
1804,-1,"叶文洁","潘寒"
1805,-1,"叶文洁","潘寒"
1828,-1,"潘寒","汪淼"
1830,1,"叶文洁","潘寒"
1833,1,"叶文洁","潘寒"
1834,1,"申玉菲","潘寒"
1835,1,"叶文洁","汪淼"
1837,-1,"叶文洁","汪淼"
1843,1,"杨卫宁","叶文洁"
1843,1,"雷志成","叶文洁"
1843,1,"雷志成","杨卫宁"
1844,1,"杨卫宁","叶文洁"
1844,1,"雷志成","叶文洁"
1844,1,"雷志成","杨卫宁"
1846,-1,"杨卫宁","叶文洁"
1846,-1,"雷志成","叶文洁"
1846,-1,"雷志成","杨卫宁"
1849,-1,"杨卫宁","叶文洁"
1849,-1,"雷志成","叶文洁"
1849,-1,"雷志成","杨卫宁"
1871,-1,"雷志成","叶文洁"
1873,-1,"雷志成","杨卫宁"
1878,-1,"杨卫宁","叶文洁"
1878,-1,"雷志成","叶文洁"
1878,-1,"雷志成","杨卫宁"
1882,-1,"杨卫宁","叶文洁"
1883,1,"杨卫宁","叶文洁"
1885,1,"杨卫宁","叶文洁"
1894,-1,"杨卫宁","叶文洁"
1897,1,"杨卫宁","叶文洁"
1898,-1,"杨卫宁","叶文洁"
1908,1,"杨卫宁","叶文洁"
1912,1,"杨卫宁","叶文洁"
1936,1,"东方延绪","叶文洁"
1947,1,"杨卫宁","叶文洁"
1949,-1,"叶文洁","汪淼"
1962,-1,"叶文洁","汪淼"
1965,-1,"叶文洁","潘寒"
1990,-1,"叶文洁","史强"
1992,-1,"史强","汪淼"
1995,1,"史强","汪淼"
2018,-1,"杨卫宁","叶文洁"
2020,-1,"杨卫宁","叶文洁"
2020,-1,"雷志成","叶文洁"
2020,-1,"雷志成","杨卫宁"
2037,-1,"杨卫宁","叶文洁"
2037,-1,"雷志成","叶文洁"
2037,-1,"雷志成","杨卫宁"
2049,-1,"杨卫宁","叶文洁"
2055,-1,"叶文洁","齐猎头"
2056,1,"齐猎头","杨冬"
2056,1,"叶文洁","杨冬"
2056,1,"叶文洁","齐猎头"
2057,1,"齐猎头","杨冬"
2057,1,"叶文洁","杨冬"
2057,1,"叶文洁","齐猎头"
2060,1,"大凤","齐猎头"
2060,1,"叶文洁","齐猎头"
2060,1,"叶文洁","大凤"
2063,1,"叶文洁","大凤"
2067,1,"叶文洁","大凤"
2070,1,"叶文洁","杨冬"
2077,-1,"叶文洁","杨冬"
2077,-1,"绍琳","杨冬"
2077,-1,"绍琳","叶文洁"
2079,1,"叶文洁","杨冬"
2086,-1,"叶文洁","红卫兵"
2088,1,"叶文洁","红卫兵"
2091,-1,"叶文洁","红卫兵"
2091,-1,"叶哲泰","红卫兵"
2091,-1,"叶哲泰","叶文洁"
2100,1,"东方延绪","红卫兵"
2110,-1,"叶文洁","红卫兵"
2122,-1,"麦克","叶文洁"
2180,1,"东方延绪","叶文洁"
2269,-1,"丁仪","汪淼"
2294,-1,"魏成","史强"
2297,-1,"斯坦顿","史强"
2299,-1,"常伟思","史强"
2317,-1,"常伟思","史强"
2329,-1,"斯坦顿","史强"
2331,-1,"常伟思","史强"
2352,-1,"常伟思","史强"
2374,1,"斯坦顿","史强"
2378,1,"斯坦顿","汪淼"
2392,-1,"斯坦顿","汪淼"
2402,-1,"史强","汪淼"
2402,-1,"常伟思","汪淼"
2402,-1,"斯坦顿","汪淼"
2402,-1,"常伟思","史强"
2402,-1,"斯坦顿","史强"
2402,-1,"斯坦顿","常伟思"
2410,-1,"斯坦顿","汪淼"
2513,1,"执政官","汪淼"
2556,1,"智子","执政官"
2645,1,"智子","执政官"
2683,1,"智子","执政官"
2685,-1,"智子","执政官"
2688,-1,"智子","执政官"
2693,-1,"智子","执政官"
2694,1,"智子","执政官"
2698,1,"智子","执政官"
2711,-1,"叶文洁","常伟思"
2711,-1,"智子","常伟思"
2711,-1,"智子","叶文洁"
2717,1,"丁仪","汪淼"
2722,1,"丁仪","汪淼"
2744,-1,"智子","丁仪"
2755,1,"史强","汪淼"
2755,1,"丁仪","汪淼"
2755,1,"丁仪","史强"
2757,-1,"斯坦顿","史强"
2765,-1,"丁仪","汪淼"
2766,1,"史强","汪淼"
2767,1,"丁仪","史强"
2839,1,"罗辑","叶文洁"
2850,-1,"智子","麦克"
2916,-1,"吴岳","章北海"
2923,1,"吴岳","章北海"
2924,1,"吴岳","章北海"
2926,1,"吴岳","章北海"
2965,1,"杨晋文","张援朝"
2966,1,"杨晋文","张援朝"
2980,1,"杨晋文","张援朝"
2985,-1,"智子","丁仪"
2991,1,"苗福全","张援朝"
2996,-1,"破壁人","我的主"
2996,-1,"智子","我的主"
2996,-1,"智子","破壁人"
2997,1,"破壁人","我的主"
3008,-1,"破壁人","我的主"
3015,1,"智子","破壁人"
3025,1,"智子","我的主"
3034,-1,"破壁人","我的主"
3039,1,"智子","破壁人"
3047,1,"破壁人","我的主"
3068,1,"杨晋文","张援朝"
3068,1,"苗福全","张援朝"
3068,1,"苗福全","杨晋文"
3095,-1,"杨晋文","张援朝"
3098,1,"苗福全","杨晋文"
3102,-1,"苗福全","杨晋文"
3104,-1,"苗福全","杨晋文"
3105,-1,"杨晋文","张援朝"
3105,-1,"苗福全","张援朝"
3105,-1,"苗福全","杨晋文"
3107,1,"破壁人","我的主"
3107,1,"智子","我的主"
3107,1,"智子","破壁人"
3115,-1,"破壁人","我的主"
3127,1,"张援朝","史晓明"
3146,-1,"张援朝","史晓明"
3156,-1,"周文王","智子"
3207,1,"智子","罗辑"
3229,1,"杨晋文","张援朝"
3253,-1,"罗辑","史强"
3256,-1,"罗辑","史强"
3258,-1,"罗辑","史强"
3265,-1,"罗辑","史强"
3266,1,"罗辑","史强"
3268,-1,"罗辑","史强"
3295,1,"罗辑","史强"
3302,-1,"罗辑","史强"
3304,1,"罗辑","史强"
3319,-1,"罗辑","史强"
3320,-1,"罗辑","史强"
3324,-1,"罗辑","史强"
3325,1,"罗辑","史强"
3327,-1,"罗辑","史强"
3329,-1,"罗辑","史强"
3329,-1,"章北海","史强"
3329,-1,"张翔","史强"
3329,-1,"章北海","罗辑"
3329,-1,"张翔","罗辑"
3329,-1,"张翔","章北海"
3330,1,"章北海","罗辑"
3330,1,"吴岳","罗辑"
3330,1,"吴岳","章北海"
3331,-1,"吴岳","章北海"
3337,-1,"吴岳","章北海"
3352,1,"罗辑","史强"
3363,-1,"罗辑","史强"
3369,1,"罗辑","史强"
3369,1,"张翔","史强"
3369,1,"张翔","罗辑"
3371,-1,"罗辑","史强"
3374,-1,"罗辑","史强"
3378,1,"罗辑","史强"
3380,1,"罗辑","史强"
3394,-1,"章北海","常伟思"
3398,-1,"章北海","常伟思"
3408,1,"吴岳","章北海"
3409,1,"吴岳","章北海"
3412,1,"章北海","常伟思"
3412,1,"吴岳","常伟思"
3412,1,"吴岳","章北海"
3413,1,"章北海","常伟思"
3413,1,"吴岳","常伟思"
3413,1,"吴岳","章北海"
3418,1,"章北海","常伟思"
3425,1,"白蓉","罗辑"
3426,1,"白蓉","罗辑"
3431,-1,"白蓉","罗辑"
3442,-1,"白蓉","罗辑"
3443,-1,"白蓉","罗辑"
3446,1,"白蓉","罗辑"
3458,1,"白蓉","罗辑"
3469,1,"白蓉","罗辑"
3487,-1,"白蓉","罗辑"
3499,-1,"白蓉","罗辑"
3534,-1,"白蓉","罗辑"
3541,-1,"白蓉","罗辑"
3581,-1,"罗辑","史强"
3584,1,"罗辑","史强"
3586,1,"罗辑","史强"
3589,1,"罗辑","史强"
3591,-1,"罗辑","史强"
3604,-1,"罗辑","史强"
3607,1,"坎特","罗辑"
3611,-1,"罗辑","史强"
3611,-1,"坎特","史强"
3611,-1,"坎特","罗辑"
3623,-1,"罗辑","史强"
3623,-1,"坎特","史强"
3623,-1,"坎特","罗辑"
3624,1,"罗辑","史强"
3624,1,"坎特","史强"
3624,1,"坎特","罗辑"
3627,-1,"罗辑","史强"
3627,-1,"坎特","史强"
3627,-1,"坎特","罗辑"
3636,-1,"坎特","萨伊"
3642,-1,"智子","叶文洁"
3655,1,"泰勒","罗辑"
3655,1,"雷迪亚兹","罗辑"
3655,1,"雷迪亚兹","泰勒"
3659,1,"雷迪亚兹","泰勒"
3659,1,"希恩斯","泰勒"
3659,1,"山杉惠子","泰勒"
3659,1,"希恩斯","雷迪亚兹"
3659,1,"山杉惠子","雷迪亚兹"
3659,1,"山杉惠子","希恩斯"
3660,1,"萨伊","罗辑"
3660,1,"泰勒","罗辑"
3660,1,"雷迪亚兹","罗辑"
3660,1,"希恩斯","罗辑"
3660,1,"泰勒","萨伊"
3660,1,"雷迪亚兹","萨伊"
3660,1,"希恩斯","萨伊"
3660,1,"雷迪亚兹","泰勒"
3660,1,"希恩斯","泰勒"
3660,1,"希恩斯","雷迪亚兹"
3662,1,"萨伊","罗辑"
3677,-1,"林格","斐兹罗"
3691,-1,"希恩斯","罗辑"
3694,-1,"坎特","罗辑"
3695,1,"萨伊","罗辑"
3706,-1,"萨伊","罗辑"
3720,-1,"罗辑","史强"
3726,1,"罗辑","史强"
3728,-1,"罗辑","史强"
3739,1,"罗辑","史强"
3758,1,"罗辑","史强"
3770,1,"罗辑","史强"
3770,1,"坎特","史强"
3770,1,"坎特","罗辑"
3781,-1,"罗辑","史强"
3781,-1,"坎特","史强"
3781,-1,"坎特","罗辑"
3783,1,"坎特","罗辑"
3788,1,"萨伊","罗辑"
3795,1,"萨伊","罗辑"
3796,1,"萨伊","罗辑"
3798,1,"萨伊","罗辑"
3803,1,"萨伊","罗辑"
3810,1,"萨伊","罗辑"
3818,-1,"罗辑","史强"
3818,-1,"坎特","史强"
3818,-1,"坎特","罗辑"
3824,1,"萨伊","罗辑"
3827,1,"伽尔宁","罗辑"
3851,-1,"泰勒","伽尔宁"
3851,-1,"雷迪亚兹","伽尔宁"
3851,-1,"希恩斯","伽尔宁"
3851,-1,"雷迪亚兹","泰勒"
3851,-1,"希恩斯","泰勒"
3851,-1,"希恩斯","雷迪亚兹"
3858,1,"伽尔宁","罗辑"
3864,-1,"吴岳","章北海"
3867,1,"吴岳","章北海"
3876,-1,"吴岳","章北海"
3883,1,"墨子","周文王"
3883,1,"亚里士多德","周文王"
3883,1,"亚里士多德","墨子"
3889,1,"智子","破壁人"
3899,-1,"智子","破壁人"
3904,-1,"破壁人","罗辑"
3914,1,"章北海","常伟思"
3917,1,"章北海","常伟思"
3918,1,"章北海","常伟思"
3920,1,"章北海","常伟思"
3926,1,"章北海","常伟思"
3944,1,"章北海","常伟思"
3949,1,"伽尔宁","罗辑"
3949,1,"坎特","罗辑"
3949,1,"坎特","伽尔宁"
3954,1,"坎特","罗辑"
3955,1,"坎特","罗辑"
3959,1,"坎特","罗辑"
3961,1,"罗辑","史强"
3961,1,"坎特","史强"
3961,1,"坎特","罗辑"
3971,-1,"雷迪亚兹","艾伦"
3975,-1,"雷迪亚兹","艾伦"
3976,-1,"麦克","艾伦"
3976,-1,"雷迪亚兹","艾伦"
3976,-1,"雷迪亚兹","麦克"
3977,-1,"雷迪亚兹","艾伦"
3983,-1,"雷迪亚兹","艾伦"
3995,1,"雷迪亚兹","艾伦"
3998,-1,"雷迪亚兹","艾伦"
4007,1,"雷迪亚兹","艾伦"
4016,1,"智子","丁仪"
4021,-1,"泰勒","丁仪"
4032,1,"泰勒","丁仪"
4040,-1,"泰勒","丁仪"
4045,-1,"泰勒","丁仪"
4054,1,"泰勒","丁仪"
4058,1,"山杉惠子","希恩斯"
4058,1,"东方延绪","希恩斯"
4058,1,"东方延绪","山杉惠子"
4059,-1,"山杉惠子","希恩斯"
4063,1,"山杉惠子","希恩斯"
4063,1,"东方延绪","希恩斯"
4063,1,"东方延绪","山杉惠子"
4085,-1,"山杉惠子","希恩斯"
4088,1,"雷迪亚兹","泰勒"
4088,1,"希恩斯","泰勒"
4088,1,"希恩斯","雷迪亚兹"
4089,1,"雷迪亚兹","泰勒"
4089,1,"希恩斯","泰勒"
4089,1,"希恩斯","雷迪亚兹"
4097,-1,"泰勒","罗辑"
4097,-1,"雷迪亚兹","罗辑"
4097,-1,"希恩斯","罗辑"
4097,-1,"雷迪亚兹","泰勒"
4097,-1,"希恩斯","泰勒"
4097,-1,"希恩斯","雷迪亚兹"
4098,1,"泰勒","伽尔宁"
4098,1,"雷迪亚兹","伽尔宁"
4098,1,"希恩斯","伽尔宁"
4098,1,"雷迪亚兹","泰勒"
4098,1,"希恩斯","泰勒"
4098,1,"希恩斯","雷迪亚兹"
4099,-1,"雷迪亚兹","泰勒"
4099,-1,"希恩斯","泰勒"
4099,-1,"希恩斯","雷迪亚兹"
4103,-1,"破壁人","希恩斯"
4106,-1,"史晓明","史强"
4107,-1,"史晓明","史强"
4125,1,"坎特","罗辑"
4127,-1,"坎特","罗辑"
4135,1,"坎特","罗辑"
4147,1,"智子","泰勒"
4152,-1,"雷迪亚兹","艾伦"
4173,-1,"雷迪亚兹","艾伦"
4176,-1,"东方延绪","叶文洁"
4181,-1,"雷迪亚兹","艾伦"
4182,-1,"雷迪亚兹","艾伦"
4188,-1,"罗辑","史强"
4207,-1,"罗辑","史强"
4210,-1,"东方延绪","罗辑"
4216,1,"罗辑","史强"
4217,-1,"罗辑","史强"
4218,1,"罗辑","史强"
4221,1,"罗辑","史强"
4231,1,"罗辑","史强"
4240,-1,"罗辑","史强"
4248,-1,"罗辑","史强"
4251,-1,"罗辑","史强"
4263,-1,"坎特","史强"
4274,-1,"坎特","史强"
4278,-1,"坎特","史强"
4279,1,"坎特","史强"
4281,-1,"泰勒","章北海"
4282,1,"泰勒","章北海"
4302,-1,"泰勒","章北海"
4305,-1,"罗辑","史强"
4311,1,"庄颜","罗辑"
4330,1,"庄颜","罗辑"
4353,1,"庄颜","罗辑"
4358,1,"庄颜","罗辑"
4374,1,"庄颜","罗辑"
4382,1,"庄颜","罗辑"
4388,1,"庄颜","罗辑"
4392,1,"智子","庄颜"
4398,1,"庄颜","罗辑"
4400,-1,"庄颜","罗辑"
4402,1,"庄颜","罗辑"
4406,1,"罗辑","史强"
4406,1,"庄颜","史强"
4406,1,"庄颜","罗辑"
4407,-1,"罗辑","史强"
4407,-1,"庄颜","史强"
4407,-1,"庄颜","罗辑"
4415,-1,"罗辑","史强"
4415,-1,"庄颜","史强"
4415,-1,"庄颜","罗辑"
4423,-1,"罗辑","史强"
4430,-1,"庄颜","罗辑"
4441,-1,"庄颜","罗辑"
4444,-1,"庄颜","罗辑"
4445,-1,"智子","庄颜"
4448,1,"庄颜","罗辑"
4462,1,"庄颜","罗辑"
4464,1,"庄颜","罗辑"
4471,-1,"庄颜","罗辑"
4525,1,"坎特","罗辑"
4525,1,"庄颜","罗辑"
4525,1,"庄颜","坎特"
4531,-1,"庄颜","罗辑"
4532,1,"庄颜","罗辑"
4532,1,"东方延绪","罗辑"
4532,1,"东方延绪","庄颜"
4533,-1,"庄颜","罗辑"
4537,-1,"庄颜","罗辑"
4552,-1,"庄颜","罗辑"
4553,-1,"庄颜","罗辑"
4553,-1,"东方延绪","罗辑"
4553,-1,"东方延绪","庄颜"
4554,1,"庄颜","罗辑"
4554,1,"东方延绪","罗辑"
4554,1,"东方延绪","庄颜"
4564,-1,"庄颜","罗辑"
4577,1,"庄颜","罗辑"
4577,1,"智子","罗辑"
4577,1,"智子","庄颜"
4595,-1,"庄颜","罗辑"
4610,1,"林格","斐兹罗"
4647,1,"林格","斐兹罗"
4655,-1,"林格","斐兹罗"
4675,-1,"章北海","常伟思"
4679,1,"章北海","常伟思"
4680,-1,"章北海","常伟思"
4697,1,"泰勒","罗辑"
4698,1,"泰勒","罗辑"
4700,1,"泰勒","罗辑"
4701,1,"庄颜","泰勒"
4702,1,"庄颜","泰勒"
4706,1,"庄颜","泰勒"
4717,-1,"破壁人","泰勒"
4720,1,"破壁人","泰勒"
4721,1,"破壁人","泰勒"
4722,-1,"破壁人","泰勒"
4728,1,"破壁人","泰勒"
4735,1,"破壁人","泰勒"
4737,-1,"破壁人","泰勒"
4742,-1,"破壁人","泰勒"
4746,-1,"破壁人","泰勒"
4749,-1,"破壁人","泰勒"
4750,-1,"破壁人","泰勒"
4753,-1,"破壁人","罗辑"
4754,-1,"泰勒","罗辑"
4761,-1,"智子","破壁人"
4767,-1,"破壁人","泰勒"
4772,-1,"泰勒","罗辑"
4773,1,"泰勒","罗辑"
4778,-1,"泰勒","罗辑"
4780,-1,"泰勒","罗辑"
4787,-1,"庄颜","罗辑"
4796,1,"泰勒","罗辑"
4796,1,"庄颜","罗辑"
4796,1,"庄颜","泰勒"
4801,1,"泰勒","罗辑"
4801,1,"破壁人","罗辑"
4801,1,"破壁人","泰勒"
4806,-1,"希恩斯","雷迪亚兹"
4814,-1,"破壁人","泰勒"
4818,1,"庄颜","罗辑"
4831,-1,"萨伊","罗辑"
4841,-1,"萨伊","罗辑"
4842,1,"萨伊","罗辑"
4861,-1,"萨伊","罗辑"
4862,-1,"萨伊","罗辑"
4862,-1,"泰勒","罗辑"
4862,-1,"破壁人","罗辑"
4862,-1,"泰勒","萨伊"
4862,-1,"破壁人","萨伊"
4862,-1,"破壁人","泰勒"
4885,-1,"智子","罗辑"
4899,1,"章北海","常伟思"
4906,1,"章北海","常伟思"
4919,1,"章北海","丁仪"
4925,-1,"章北海","丁仪"
4926,-1,"章北海","丁仪"
4955,1,"林格","斐兹罗"
4957,-1,"哈里斯","斐兹罗"
4957,-1,"智子","斐兹罗"
4957,-1,"智子","哈里斯"
4964,1,"罗辑","叶文洁"
4964,1,"萨伊","叶文洁"
4964,1,"萨伊","罗辑"
4981,1,"罗辑","叶文洁"
4988,1,"罗辑","叶文洁"
4997,-1,"雷迪亚兹","罗辑"
5000,1,"坎特","罗辑"
5007,1,"坎特","罗辑"
5010,1,"罗辑","史强"
5010,1,"张翔","史强"
5010,1,"张翔","罗辑"
5014,1,"林格","罗辑"
5058,1,"坎特","罗辑"
5061,-1,"智子","罗辑"
5062,-1,"张翔","罗辑"
5099,1,"坎特","罗辑"
5100,1,"坎特","罗辑"
5150,-1,"张翔","罗辑"
5151,-1,"张翔","罗辑"
5153,1,"张翔","坎特"
5157,-1,"张翔","坎特"
5163,-1,"庄颜","罗辑"
5167,1,"林格","斐兹罗"
5181,1,"林格","斐兹罗"
5186,-1,"斐兹罗","罗辑"
5218,-1,"杨晋文","张援朝"
5231,-1,"智子","苗福全"
5244,-1,"章北海","丁仪"
5254,1,"章北海","丁仪"
5259,-1,"章北海","丁仪"
5333,-1,"智子","罗辑"
5350,1,"章北海","常伟思"
5354,1,"章北海","常伟思"
5357,1,"希恩斯","雷迪亚兹"
5361,-1,"山杉惠子","希恩斯"
5371,1,"山杉惠子","希恩斯"
5385,-1,"山杉惠子","希恩斯"
5392,1,"山杉惠子","希恩斯"
5394,1,"山杉惠子","希恩斯"
5405,1,"林格","罗辑"
5405,1,"希恩斯","罗辑"
5405,1,"山杉惠子","罗辑"
5405,1,"希恩斯","林格"
5405,1,"山杉惠子","林格"
5405,1,"山杉惠子","希恩斯"
5411,1,"山杉惠子","希恩斯"
5419,1,"山杉惠子","希恩斯"
5436,1,"山杉惠子","希恩斯"
5444,1,"山杉惠子","希恩斯"
5446,-1,"山杉惠子","希恩斯"
5447,-1,"山杉惠子","希恩斯"
5453,-1,"泰勒","常伟思"
5453,-1,"希恩斯","常伟思"
5453,-1,"希恩斯","泰勒"
5455,1,"智子","希恩斯"
5456,1,"智子","常伟思"
5462,1,"希恩斯","常伟思"
5465,1,"智子","希恩斯"
5467,-1,"山杉惠子","希恩斯"
5474,-1,"希恩斯","常伟思"
5486,1,"山杉惠子","希恩斯"
5519,1,"山杉惠子","希恩斯"
5524,1,"山杉惠子","希恩斯"
5526,-1,"希恩斯","威尔逊"
5529,-1,"山杉惠子","希恩斯"
5531,-1,"山杉惠子","希恩斯"
5532,-1,"希恩斯","威尔逊"
5532,-1,"山杉惠子","威尔逊"
5532,-1,"山杉惠子","希恩斯"
5535,1,"希恩斯","吴岳"
5544,-1,"山杉惠子","希恩斯"
5550,-1,"山杉惠子","希恩斯"
5556,1,"希恩斯","吴岳"
5556,1,"山杉惠子","吴岳"
5556,1,"山杉惠子","希恩斯"
5559,1,"希恩斯","吴岳"
5560,-1,"希恩斯","吴岳"
5560,-1,"山杉惠子","吴岳"
5560,-1,"山杉惠子","希恩斯"
5565,-1,"希恩斯","吴岳"
5566,-1,"希恩斯","吴岳"
5567,1,"希恩斯","吴岳"
5567,1,"山杉惠子","吴岳"
5567,1,"东方延绪","吴岳"
5567,1,"山杉惠子","希恩斯"
5567,1,"东方延绪","希恩斯"
5567,1,"东方延绪","山杉惠子"
5578,1,"山杉惠子","希恩斯"
5585,-1,"山杉惠子","罗辑"
5643,1,"智子","雷迪亚兹"
5644,-1,"破壁人","雷迪亚兹"
5660,1,"破壁人","雷迪亚兹"
5661,1,"破壁人","雷迪亚兹"
5667,1,"破壁人","雷迪亚兹"
5671,-1,"破壁人","泰勒"
5672,1,"破壁人","雷迪亚兹"
5674,-1,"破壁人","雷迪亚兹"
5675,1,"破壁人","雷迪亚兹"
5680,-1,"破壁人","雷迪亚兹"
5684,-1,"破壁人","雷迪亚兹"
5687,-1,"破壁人","雷迪亚兹"
5697,1,"雷迪亚兹","伽尔宁"
5704,-1,"雷迪亚兹","伽尔宁"
5706,-1,"雷迪亚兹","伽尔宁"
5711,1,"破壁人","雷迪亚兹"
5711,1,"智子","雷迪亚兹"
5711,1,"智子","破壁人"
5726,1,"智子","雷迪亚兹"
5730,-1,"雷迪亚兹","伽尔宁"
5741,-1,"雷迪亚兹","伽尔宁"
5745,1,"雷迪亚兹","伽尔宁"
5746,1,"雷迪亚兹","伽尔宁"
5751,-1,"雷迪亚兹","伽尔宁"
5752,-1,"泰勒","伽尔宁"
5752,-1,"智子","伽尔宁"
5752,-1,"智子","泰勒"
5757,-1,"雷迪亚兹","伽尔宁"
5765,1,"章北海","常伟思"
5765,1,"吴岳","常伟思"
5765,1,"山杉惠子","常伟思"
5765,1,"吴岳","章北海"
5765,1,"山杉惠子","章北海"
5765,1,"山杉惠子","吴岳"
5768,1,"伽尔宁","罗辑"
5768,1,"坎特","罗辑"
5768,1,"坎特","伽尔宁"
5769,-1,"林格","斐兹罗"
5783,1,"我的主","罗辑"
5801,-1,"熊文","罗辑"
5809,1,"熊文","罗辑"
5811,1,"熊文","罗辑"
5824,-1,"熊文","罗辑"
5839,1,"熊文","罗辑"
5853,1,"熊文","罗辑"
5873,-1,"熊文","罗辑"
5876,-1,"熊文","罗辑"
5879,1,"熊文","罗辑"
5892,-1,"庄颜","罗辑"
5895,1,"东方延绪","罗辑"
5917,1,"庄颜","罗辑"
5926,1,"乔纳森","罗辑"
5927,-1,"乔纳森","罗辑"
5928,1,"乔纳森","罗辑"
5930,1,"乔纳森","罗辑"
5936,1,"乔纳森","罗辑"
5941,1,"乔纳森","罗辑"
5945,1,"希恩斯","罗辑"
5945,1,"山杉惠子","罗辑"
5945,1,"山杉惠子","希恩斯"
5946,-1,"希恩斯","罗辑"
5948,1,"雷迪亚兹","泰勒"
5951,1,"希恩斯","罗辑"
5951,1,"智子","罗辑"
5951,1,"智子","希恩斯"
5952,1,"希恩斯","罗辑"
5952,1,"山杉惠子","罗辑"
5952,1,"山杉惠子","希恩斯"
5953,-1,"伽尔宁","罗辑"
5959,-1,"雷迪亚兹","泰勒"
5960,-1,"希恩斯","罗辑"
5967,1,"希恩斯","罗辑"
5968,-1,"乔纳森","罗辑"
5972,-1,"乔纳森","罗辑"
5981,-1,"乔纳森","罗辑"
5983,-1,"罗辑","史强"
5984,1,"罗辑","史强"
5993,1,"罗辑","史强"
5998,1,"山杉惠子","希恩斯"
6000,-1,"山杉惠子","希恩斯"
6004,-1,"山杉惠子","希恩斯"
6004,-1,"追随者","希恩斯"
6004,-1,"追随者","山杉惠子"
6005,1,"智子","山杉惠子"
6008,1,"山杉惠子","希恩斯"
6008,1,"钢印族","希恩斯"
6008,1,"智子","希恩斯"
6008,1,"钢印族","山杉惠子"
6008,1,"智子","山杉惠子"
6008,1,"智子","钢印族"
6011,1,"破壁人","希恩斯"
6020,-1,"山杉惠子","希恩斯"
6029,1,"智子","山杉惠子"
6037,1,"山杉惠子","希恩斯"
6039,-1,"山杉惠子","希恩斯"
6043,1,"罗辑","史强"
6054,-1,"罗辑","史强"
6058,-1,"罗辑","史强"
6068,1,"罗辑","史强"
6078,1,"罗辑","史强"
6082,1,"智子","罗辑"
6085,1,"罗辑","史强"
6087,-1,"罗辑","史强"
6092,-1,"罗辑","史强"
6094,-1,"罗辑","史强"
6110,-1,"罗辑","史强"
6119,1,"罗辑","史强"
6127,1,"罗辑","史强"
6129,-1,"罗辑","史强"
6136,1,"罗辑","史强"
6139,1,"罗辑","史强"
6141,-1,"罗辑","史强"
6143,-1,"罗辑","史强"
6148,-1,"罗辑","史强"
6155,-1,"罗辑","史强"
6157,1,"罗辑","史强"
6158,-1,"罗辑","史强"
6170,1,"罗辑","史强"
6172,1,"罗辑","史强"
6180,1,"罗辑","史强"
6191,1,"罗辑","史强"
6194,1,"罗辑","史强"
6206,1,"罗辑","史强"
6207,1,"罗辑","史强"
6211,1,"罗辑","史强"
6214,1,"罗辑","史强"
6225,1,"罗辑","史强"
6228,-1,"罗辑","史强"
6239,1,"罗辑","史强"
6240,1,"郭正明","史强"
6244,1,"罗辑","史强"
6272,1,"东方延绪","章北海"
6273,1,"章北海","常伟思"
6281,1,"章北海","常伟思"
6287,1,"章北海","常伟思"
6311,1,"章北海","常伟思"
6315,-1,"章北海","常伟思"
6325,-1,"钢印族","章北海"
6339,1,"钢印族","章北海"
6340,1,"东方延绪","章北海"
6341,-1,"罗辑","史强"
6344,1,"罗辑","史强"
6346,-1,"罗辑","史强"
6348,1,"罗辑","史强"
6349,1,"罗辑","史晓明"
6350,-1,"罗辑","史晓明"
6352,-1,"罗辑","史晓明"
6369,1,"罗辑","史晓明"
6370,1,"罗辑","史晓明"
6371,1,"史晓明","史强"
6371,1,"罗辑","史强"
6371,1,"张援朝","史强"
6371,1,"张延","史强"
6371,1,"罗辑","史晓明"
6371,1,"张援朝","史晓明"
6371,1,"张延","史晓明"
6371,1,"张援朝","罗辑"
6371,1,"张延","罗辑"
6371,1,"张延","张援朝"
6394,1,"张延","史晓明"
6403,1,"庄颜","罗辑"
6412,1,"庄颜","罗辑"
6414,1,"东方延绪","章北海"
6416,1,"东方延绪","钢印族"
6418,1,"章北海","常伟思"
6419,-1,"东方延绪","钢印族"
6420,1,"东方延绪","章北海"
6437,1,"东方延绪","章北海"
6452,1,"东方延绪","章北海"
6459,1,"东方延绪","章北海"
6478,1,"林格","斐兹罗"
6478,1,"罗宾逊","斐兹罗"
6478,1,"罗宾逊","林格"
6479,1,"林格","斐兹罗"
6479,1,"罗宾逊","斐兹罗"
6479,1,"罗宾逊","林格"
6480,-1,"林格","斐兹罗"
6489,1,"林格","斐兹罗"
6501,1,"林格","斐兹罗"
6513,-1,"林格","斐兹罗"
6519,1,"东方延绪","章北海"
6519,1,"列文","章北海"
6519,1,"井上明","章北海"
6519,1,"列文","东方延绪"
6519,1,"井上明","东方延绪"
6519,1,"井上明","列文"
6522,1,"东方延绪","章北海"
6523,-1,"东方延绪","章北海"
6530,-1,"东方延绪","章北海"
6536,-1,"列文","东方延绪"
6536,-1,"井上明","东方延绪"
6536,-1,"井上明","列文"
6538,-1,"东方延绪","章北海"
6538,-1,"井上明","章北海"
6538,-1,"井上明","东方延绪"
6542,1,"井上明","列文"
6560,1,"东方延绪","章北海"
6583,1,"东方延绪","章北海"
6602,-1,"章北海","常伟思"
6626,-1,"庄颜","罗辑"
6627,1,"林格","斐兹罗"
6628,1,"智子","罗辑"
6630,1,"罗辑","史晓明"
6654,1,"罗辑","史强"
6658,-1,"罗辑","史强"
6659,-1,"罗辑","史强"
6669,1,"罗辑","史强"
6669,1,"希恩斯","史强"
6669,1,"庄颜","史强"
6669,1,"希恩斯","罗辑"
6669,1,"庄颜","罗辑"
6669,1,"庄颜","希恩斯"
6671,-1,"东方延绪","章北海"
6686,1,"东方延绪","章北海"
6690,-1,"东方延绪","章北海"
6713,-1,"西子","丁仪"
6726,1,"西子","丁仪"
6776,1,"东方延绪","章北海"
6791,-1,"东方延绪","章北海"
6792,-1,"东方延绪","章北海"
6798,-1,"东方延绪","章北海"
6802,-1,"西子","丁仪"
6804,1,"西子","丁仪"
6805,1,"西子","丁仪"
6810,1,"西子","丁仪"
6815,1,"智子","丁仪"
6817,-1,"西子","丁仪"
6857,-1,"西子","丁仪"
6862,1,"西子","丁仪"
6872,-1,"西子","丁仪"
6934,-1,"李维","赵鑫"
6947,-1,"李维","赵鑫"
6950,-1,"智子","叶文洁"
6976,-1,"李维","赵鑫"
6994,-1,"东方延绪","章北海"
6999,1,"东方延绪","章北海"
7003,1,"希恩斯","罗辑"
7023,-1,"东方延绪","章北海"
7054,1,"东方延绪","章北海"
7062,1,"东方延绪","章北海"
7070,-1,"东方延绪","章北海"
7073,-1,"东方延绪","章北海"
7083,1,"蓝西","章北海"
7086,1,"东方延绪","章北海"
7086,1,"蓝西","章北海"
7086,1,"蓝西","东方延绪"
7087,-1,"蓝西","东方延绪"
7102,-1,"蓝西","东方延绪"
7109,-1,"斯科特","蓝西"
7110,-1,"斯科特","蓝西"
7112,1,"斯科特","蓝西"
7128,1,"东方延绪","章北海"
7132,1,"东方延绪","章北海"
7236,1,"列文","东方延绪"
7251,-1,"东方延绪","章北海"
7256,-1,"东方延绪","章北海"
7278,-1,"罗辑","史强"
7282,1,"罗辑","史强"
7284,-1,"罗辑","史强"
7310,-1,"罗辑","史强"
7311,-1,"罗辑","史强"
7312,1,"罗辑","史强"
7320,1,"罗辑","史强"
7323,-1,"罗辑","史强"
7324,-1,"罗辑","史强"
7331,1,"郭正明","史强"
7336,-1,"罗辑","史强"
7346,-1,"罗辑","史强"
7352,-1,"罗辑","史强"
7358,-1,"罗辑","史强"
7360,-1,"罗辑","史强"
7361,-1,"罗辑","史强"
7366,-1,"罗辑","史强"
7367,1,"罗辑","史强"
7368,1,"吴岳","罗辑"
7372,1,"庄颜","罗辑"
7402,1,"罗辑","史强"
7407,1,"罗辑","史强"
7412,-1,"罗辑","史强"
7413,-1,"罗辑","史强"
7414,1,"罗辑","史强"
7415,-1,"罗辑","史强"
7425,1,"希恩斯","罗辑"
7426,1,"希恩斯","罗辑"
7431,-1,"乔纳森","希恩斯"
7441,1,"希恩斯","罗辑"
7450,-1,"罗辑","史强"
7450,-1,"希恩斯","史强"
7450,-1,"乔纳森","史强"
7450,-1,"希恩斯","罗辑"
7450,-1,"乔纳森","罗辑"
7450,-1,"乔纳森","希恩斯"
7453,-1,"乔纳森","希恩斯"
7456,1,"罗辑","史强"
7457,-1,"罗辑","史强"
7469,-1,"罗辑","史强"
7523,-1,"罗辑","史强"
7529,-1,"罗辑","史强"
7563,-1,"希恩斯","罗辑"
7563,-1,"庄颜","罗辑"
7563,-1,"乔纳森","罗辑"
7563,-1,"庄颜","希恩斯"
7563,-1,"乔纳森","希恩斯"
7563,-1,"乔纳森","庄颜"
7662,1,"叶文洁","杨冬"
7662,1,"罗辑","杨冬"
7662,1,"罗辑","叶文洁"
7663,-1,"罗辑","叶文洁"
7665,1,"罗辑","叶文洁"
7668,-1,"罗辑","叶文洁"
7668,-1,"庄颜","叶文洁"
7668,-1,"庄颜","罗辑"
7671,1,"罗辑","叶文洁"
7678,1,"雷迪亚兹","罗辑"
7680,-1,"东方延绪","叶文洁"
7681,-1,"智子","罗辑"
7683,-1,"罗辑","叶文洁"
7683,-1,"东方延绪","叶文洁"
7683,-1,"智子","叶文洁"
7683,-1,"东方延绪","罗辑"
7683,-1,"智子","罗辑"
7683,-1,"智子","东方延绪"
7722,1,"智子","罗辑"
7743,-1,"叶文洁","杨冬"
7743,-1,"罗辑","杨冬"
7743,-1,"罗辑","叶文洁"
7746,1,"智子","罗辑"
7748,1,"庄颜","罗辑"
7750,1,"庄颜","罗辑"
7751,1,"庄颜","罗辑"
7800,1,"法扎兰","狄奥伦娜"
7802,-1,"法扎兰","狄奥伦娜"
7817,-1,"法扎兰","狄奥伦娜"
7818,-1,"法扎兰","狄奥伦娜"
7823,-1,"法扎兰","狄奥伦娜"
7827,-1,"法扎兰","狄奥伦娜"
7850,-1,"法扎兰","狄奥伦娜"
7863,-1,"法扎兰","狄奥伦娜"
7864,-1,"法扎兰","狄奥伦娜"
7870,-1,"法扎兰","狄奥伦娜"
7883,-1,"法扎兰","狄奥伦娜"
7957,-1,"云天明","老李"
7964,1,"云天明","老李"
7967,1,"云天明","老李"
7970,-1,"云天明","老李"
7979,-1,"云天明","老李"
7995,1,"云天明","胡文"
7997,1,"程心","云天明"
7999,1,"云天明","胡文"
7999,1,"程心","胡文"
7999,1,"程心","云天明"
8000,-1,"云天明","胡文"
8002,1,"云天明","胡文"
8003,1,"云天明","胡文"
8003,1,"程心","胡文"
8003,1,"程心","云天明"
8008,-1,"云天明","胡文"
8013,1,"云天明","胡文"
8024,-1,"云天明","老李"
8043,-1,"云天明","胡文"
8043,-1,"程心","胡文"
8043,-1,"程心","云天明"
8051,1,"云天明","何博士"
8065,1,"云天明","何博士"
8065,1,"程心","何博士"
8065,1,"程心","云天明"
8072,-1,"云天明","何博士"
8076,-1,"云天明","何博士"
8078,1,"云天明","何博士"
8079,-1,"云天明","何博士"
8081,1,"云天明","何博士"
8082,-1,"云天明","何博士"
8083,-1,"云天明","何博士"
8083,-1,"程心","何博士"
8083,-1,"程心","云天明"
8087,1,"云天明","老李"
8099,-1,"程心","云天明"
8100,1,"程心","云天明"
8101,1,"程心","云天明"
8102,-1,"云天明","胡文"
8102,-1,"程心","胡文"
8102,-1,"程心","云天明"
8103,-1,"程心","云天明"
8107,1,"程心","云天明"
8112,-1,"程心","云天明"
8114,1,"程心","云天明"
8149,1,"程心","云天明"
8151,1,"程心","云天明"
8160,1,"瓦季姆","程心"
8163,1,"维德","程心"
8163,1,"瓦季姆","程心"
8163,1,"瓦季姆","维德"
8165,-1,"维德","程心"
8171,1,"程心","于维民"
8171,1,"维德","于维民"
8171,1,"维德","程心"
8172,1,"维德","程心"
8172,1,"瓦季姆","程心"
8172,1,"瓦季姆","维德"
8174,-1,"维德","程心"
8185,1,"瓦季姆","维德"
8188,-1,"维德","程心"
8200,1,"程心","柯曼琳"
8226,1,"瓦季姆","程心"
8236,-1,"维德","程心"
8246,-1,"智子","维德"
8247,1,"智子","维德"
8275,1,"维德","程心"
8277,1,"维德","程心"
8277,1,"瓦季姆","程心"
8277,1,"瓦季姆","维德"
8284,-1,"瓦季姆","程心"
8286,1,"瓦季姆","程心"
8287,-1,"程心","柯曼琳"
8291,1,"程心","柯曼琳"
8291,1,"维德","柯曼琳"
8291,1,"瓦季姆","柯曼琳"
8291,1,"维德","程心"
8291,1,"瓦季姆","程心"
8291,1,"瓦季姆","维德"
8295,1,"维德","程心"
8295,1,"瓦季姆","程心"
8295,1,"瓦季姆","维德"
8300,-1,"瓦季姆","维德"
8306,1,"程心","柯曼琳"
8306,1,"维德","柯曼琳"
8306,1,"瓦季姆","柯曼琳"
8306,1,"维德","程心"
8306,1,"瓦季姆","程心"
8306,1,"瓦季姆","维德"
8307,1,"维德","罗辑"
8324,-1,"维德","程心"
8324,-1,"瓦季姆","程心"
8324,-1,"瓦季姆","维德"
8327,1,"维德","程心"
8334,-1,"维德","程心"
8334,-1,"瓦季姆","程心"
8334,-1,"瓦季姆","维德"
8338,-1,"维德","程心"
8341,1,"瓦季姆","程心"
8354,1,"瓦季姆","程心"
8361,1,"瓦季姆","程心"
8364,-1,"维德","程心"
8369,1,"瓦季姆","程心"
8374,1,"于维民","胡文"
8374,1,"云天明","胡文"
8374,1,"程心","胡文"
8374,1,"云天明","于维民"
8374,1,"程心","于维民"
8374,1,"程心","云天明"
8376,1,"云天明","于维民"
8376,1,"程心","于维民"
8376,1,"程心","云天明"
8378,-1,"程心","云天明"
8381,1,"程心","云天明"
8383,-1,"程心","云天明"
8394,1,"瓦季姆","程心"
8395,-1,"瓦季姆","程心"
8398,-1,"瓦季姆","程心"
8399,-1,"程心","云天明"
8399,-1,"瓦季姆","云天明"
8399,-1,"瓦季姆","程心"
8401,1,"程心","云天明"
8406,1,"程心","云天明"
8407,-1,"程心","于维民"
8407,-1,"维德","于维民"
8407,-1,"维德","程心"
8408,1,"维德","程心"
8409,1,"维德","程心"
8411,-1,"维德","程心"
8422,1,"程心","胡文"
8424,-1,"维德","程心"
8432,1,"云天明","萨伊"
8432,1,"程心","萨伊"
8432,1,"维德","萨伊"
8432,1,"程心","云天明"
8432,1,"维德","云天明"
8432,1,"维德","程心"
8433,1,"程心","云天明"
8434,1,"云天明","萨伊"
8435,1,"程心","云天明"
8436,1,"云天明","萨伊"
8441,-1,"维德","程心"
8452,-1,"维德","程心"
8469,-1,"维德","程心"
8478,1,"维德","程心"
8489,-1,"维德","程心"
8501,-1,"程心","云天明"
8617,1,"鲍里斯","卡尔"
8631,1,"鲍里斯","塞巴斯蒂安"
8655,1,"AA","程心"
8658,1,"AA","程心"
8662,1,"AA","程心"
8672,-1,"AA","程心"
8683,-1,"AA","罗辑"
8688,-1,"AA","程心"
8690,-1,"AA","程心"
8692,-1,"AA","程心"
8694,1,"AA","程心"
8700,-1,"维德","程心"
8701,-1,"维德","程心"
8703,-1,"维德","程心"
8707,-1,"瓦季姆","程心"
8709,-1,"维德","程心"
8710,-1,"AA","程心"
8751,1,"AA","程心"
8753,1,"AA","程心"
8755,1,"AA","程心"
8759,1,"AA","程心"
8771,1,"智子","程心"
8773,1,"AA","程心"
8773,1,"智子","程心"
8773,1,"智子","AA"
8775,-1,"智子","程心"
8776,1,"智子","东方延绪"
8777,1,"AA","程心"
8777,1,"智子","程心"
8777,1,"智子","AA"
8781,1,"智子","程心"
8783,1,"AA","程心"
8787,-1,"智子","程心"
8790,1,"毕云峰","程心"
8791,-1,"曹彬","丁仪"
8791,-1,"智子","丁仪"
8791,-1,"智子","曹彬"
8793,1,"智子","程心"
8794,1,"曹彬","安东诺夫"
8794,1,"伊万","安东诺夫"
8794,1,"伊万","曹彬"
8797,-1,"A·J","安东诺夫"
8798,-1,"A·J","程心"
8802,-1,"程心","罗辑"
8803,-1,"AA","程心"
8808,-1,"AA","维德"
8810,-1,"章北海","叶文洁"
8810,-1,"维德","叶文洁"
8810,-1,"AA","叶文洁"
8810,-1,"维德","章北海"
8810,-1,"AA","章北海"
8810,-1,"AA","维德"
8814,-1,"程心","罗辑"
8814,-1,"维德","罗辑"
8814,-1,"维德","程心"
8819,1,"程心","罗辑"
8822,1,"程心","云天明"
8858,-1,"戴文","韦斯特"
8867,1,"智子","戴文"
8867,1,"朴义君","戴文"
8867,1,"朴义君","智子"
8889,-1,"艾克","薇拉"
8890,1,"艾克","薇拉"
8895,1,"艾克","薇拉"
8896,-1,"艾克","薇拉"
8897,-1,"艾克","薇拉"
8904,-1,"艾克","薇拉"
8905,1,"艾克","薇拉"
8908,1,"艾克","韦斯特"
8918,1,"刘晓明","艾克"
8919,1,"关一帆","韦斯特"
8920,-1,"关一帆","韦斯特"
8925,1,"关一帆","韦斯特"
8932,-1,"关一帆","韦斯特"
8936,-1,"关一帆","韦斯特"
8945,-1,"关一帆","韦斯特"
8958,1,"关一帆","韦斯特"
8960,-1,"关一帆","韦斯特"
9006,-1,"庄颜","罗辑"
9007,-1,"庄颜","罗辑"
9010,-1,"智子","罗辑"
9016,1,"程心","罗辑"
9021,-1,"程心","罗辑"
9025,1,"程心","罗辑"
9029,-1,"程心","罗辑"
9049,-1,"程心","罗辑"
9096,-1,"AA","程心"
9097,1,"AA","程心"
9116,-1,"AA","程心"
9124,1,"智子","程心"
9125,-1,"AA","程心"
9125,-1,"智子","程心"
9125,-1,"智子","AA"
9126,1,"程心","东方延绪"
9126,1,"智子","东方延绪"
9126,1,"智子","程心"
9138,1,"维德","罗辑"
9138,1,"智子","罗辑"
9138,1,"智子","维德"
9139,-1,"智子","程心"
9142,-1,"AA","程心"
9142,-1,"智子","程心"
9142,-1,"智子","AA"
9145,-1,"林格","斐兹罗"
9177,1,"弗雷斯","程心"
9179,1,"AA","程心"
9180,-1,"AA","程心"
9183,-1,"AA","程心"
9187,1,"弗雷斯","程心"
9190,1,"弗雷斯","AA"
9194,1,"维德","程心"
9196,-1,"维德","程心"
9198,1,"维德","程心"
9200,-1,"维德","程心"
9204,1,"维德","程心"
9205,-1,"维德","程心"
9234,-1,"弗雷斯","程心"
9236,-1,"AA","程心"
9236,-1,"弗雷斯","程心"
9236,-1,"弗雷斯","AA"
9239,1,"弗雷斯","程心"
9241,1,"维德","程心"
9242,-1,"维德","程心"
9242,-1,"弗雷斯","程心"
9242,-1,"弗雷斯","维德"
9244,-1,"智子","程心"
9244,-1,"弗雷斯","程心"
9244,-1,"弗雷斯","智子"
9247,1,"弗雷斯","程心"
9257,-1,"程心","东方延绪"
9281,1,"毕云峰","安东诺夫"
9281,1,"曹彬","安东诺夫"
9281,1,"曹彬","毕云峰"
9283,-1,"弗雷斯","程心"
9284,-1,"程心","东方延绪"
9292,-1,"程心","东方延绪"
9299,1,"智子","程心"
9304,-1,"智子","程心"
9310,1,"智子","程心"
9317,1,"智子","程心"
9364,1,"AA","程心"
9364,1,"智子","程心"
9364,1,"弗雷斯","程心"
9364,1,"智子","AA"
9364,1,"弗雷斯","AA"
9364,1,"弗雷斯","智子"
9407,1,"智子","东方延绪"
9413,1,"戴文","韦斯特"
9413,1,"智子","韦斯特"
9413,1,"智子","戴文"
9425,-1,"莫沃维奇","约瑟夫"
9435,1,"莫沃维奇","约瑟夫"
9463,-1,"莫沃维奇","约瑟夫"
9469,1,"程心","东方延绪"
9469,1,"褚岩","东方延绪"
9469,1,"褚岩","程心"
9472,1,"莫沃维奇","约瑟夫"
9476,-1,"莫沃维奇","约瑟夫"
9477,-1,"褚岩","约瑟夫"
9477,-1,"莫沃维奇","约瑟夫"
9477,-1,"莫沃维奇","褚岩"
9484,-1,"莫沃维奇","约瑟夫"
9502,-1,"智子","程心"
9524,-1,"关一帆","约瑟夫"
9524,-1,"莫沃维奇","约瑟夫"
9524,-1,"莫沃维奇","关一帆"
9526,-1,"薇拉","约瑟夫"
9526,-1,"艾克","约瑟夫"
9526,-1,"褚岩","约瑟夫"
9526,-1,"关一帆","约瑟夫"
9526,-1,"莫沃维奇","约瑟夫"
9526,-1,"艾克","薇拉"
9526,-1,"褚岩","薇拉"
9526,-1,"关一帆","薇拉"
9526,-1,"莫沃维奇","薇拉"
9526,-1,"褚岩","艾克"
9526,-1,"关一帆","艾克"
9526,-1,"莫沃维奇","艾克"
9526,-1,"关一帆","褚岩"
9526,-1,"莫沃维奇","褚岩"
9526,-1,"莫沃维奇","关一帆"
9527,-1,"褚岩","约瑟夫"
9527,-1,"关一帆","约瑟夫"
9527,-1,"莫沃维奇","约瑟夫"
9527,-1,"关一帆","褚岩"
9527,-1,"莫沃维奇","褚岩"
9527,-1,"莫沃维奇","关一帆"
9532,1,"关一帆","约瑟夫"
9532,1,"莫沃维奇","约瑟夫"
9532,1,"莫沃维奇","关一帆"
9535,1,"关一帆","约瑟夫"
9535,1,"莫沃维奇","约瑟夫"
9535,1,"莫沃维奇","关一帆"
9536,1,"褚岩","约瑟夫"
9536,1,"关一帆","约瑟夫"
9536,1,"莫沃维奇","约瑟夫"
9536,1,"关一帆","褚岩"
9536,1,"莫沃维奇","褚岩"
9536,1,"莫沃维奇","关一帆"
9538,-1,"关一帆","约瑟夫"
9538,-1,"莫沃维奇","约瑟夫"
9538,-1,"莫沃维奇","关一帆"
9539,-1,"关一帆","约瑟夫"
9539,-1,"莫沃维奇","约瑟夫"
9539,-1,"莫沃维奇","关一帆"
9541,1,"关一帆","约瑟夫"
9541,1,"莫沃维奇","约瑟夫"
9541,1,"莫沃维奇","关一帆"
9551,-1,"关一帆","约瑟夫"
9551,-1,"莫沃维奇","约瑟夫"
9551,-1,"莫沃维奇","关一帆"
9559,1,"关一帆","褚岩"
9569,-1,"韦斯特","约瑟夫"
9569,-1,"关一帆","约瑟夫"
9569,-1,"莫沃维奇","约瑟夫"
9569,-1,"关一帆","韦斯特"
9569,-1,"莫沃维奇","韦斯特"
9569,-1,"莫沃维奇","关一帆"
9588,-1,"关一帆","褚岩"
9600,1,"关一帆","韦斯特"
9600,1,"卓文","韦斯特"
9600,1,"卓文","关一帆"
9607,-1,"关一帆","韦斯特"
9607,-1,"卓文","韦斯特"
9607,-1,"卓文","关一帆"
9617,1,"关一帆","韦斯特"
9617,1,"卓文","韦斯特"
9617,1,"卓文","关一帆"
9630,1,"关一帆","韦斯特"
9630,1,"卓文","韦斯特"
9630,1,"卓文","关一帆"
9719,1,"AA","程心"
9735,-1,"AA","程心"
9735,-1,"弗雷斯","程心"
9735,-1,"弗雷斯","AA"
9736,-1,"AA","程心"
9736,-1,"弗雷斯","程心"
9736,-1,"弗雷斯","AA"
9743,-1,"弗雷斯","程心"
9747,1,"弗雷斯","程心"
9764,-1,"程心","罗辑"
9764,-1,"维德","罗辑"
9764,-1,"智子","罗辑"
9764,-1,"弗雷斯","罗辑"
9764,-1,"维德","程心"
9764,-1,"智子","程心"
9764,-1,"弗雷斯","程心"
9764,-1,"智子","维德"
9764,-1,"弗雷斯","维德"
9764,-1,"弗雷斯","智子"
9767,1,"智子","程心"
9768,1,"智子","程心"
9782,1,"智子","程心"
9787,-1,"程心","罗辑"
9807,1,"程心","罗辑"
9807,1,"智子","罗辑"
9807,1,"智子","程心"
9808,1,"程心","罗辑"
9808,1,"智子","罗辑"
9808,1,"智子","程心"
9812,-1,"程心","罗辑"
9813,1,"程心","罗辑"
9813,1,"智子","罗辑"
9813,1,"智子","程心"
9816,1,"智子","罗辑"
9863,1,"弗雷斯","程心"
9865,1,"弗雷斯","程心"
9876,-1,"程心","罗辑"
9876,-1,"智子","罗辑"
9876,-1,"智子","程心"
9878,-1,"程心","罗辑"
9878,-1,"智子","罗辑"
9878,-1,"智子","程心"
9879,1,"智子","程心"
9894,1,"程心","云天明"
9900,1,"程心","云天明"
9929,1,"云天明","罗辑"
9929,1,"程心","罗辑"
9929,1,"智子","罗辑"
9929,1,"程心","云天明"
9929,1,"智子","云天明"
9929,1,"智子","程心"
9942,-1,"智子","云天明"
9959,-1,"弗雷斯","程心"
9965,-1,"智子","程心"
9967,-1,"智子","程心"
9969,-1,"程心","云天明"
9974,1,"程心","云天明"
9976,1,"程心","云天明"
9984,-1,"程心","云天明"
9995,-1,"程心","云天明"
10006,-1,"程心","云天明"
10006,-1,"智子","云天明"
10006,-1,"智子","程心"
10015,1,"程心","云天明"
10019,1,"程心","云天明"
10032,-1,"程心","云天明"
10034,-1,"程心","云天明"
10035,1,"程心","云天明"
10036,-1,"云天明","常伟思"
10036,-1,"程心","常伟思"
10036,-1,"智子","常伟思"
10036,-1,"深水王子","常伟思"
10036,-1,"程心","云天明"
10036,-1,"智子","云天明"
10036,-1,"深水王子","云天明"
10036,-1,"智子","程心"
10036,-1,"深水王子","程心"
10036,-1,"深水王子","智子"
10038,-1,"智子","程心"
10043,-1,"程心","云天明"
10044,1,"程心","云天明"
10044,1,"智子","云天明"
10044,1,"智子","程心"
10046,-1,"智子","程心"
10048,1,"程心","云天明"
10052,-1,"智子","程心"
10065,1,"程心","云天明"
10073,1,"程心","云天明"
10074,1,"维德","程心"
10076,1,"维德","程心"
10077,-1,"程心","云天明"
10079,-1,"程心","云天明"
10081,-1,"AA","程心"
10083,1,"AA","程心"
10086,-1,"智子","云天明"
10087,-1,"程心","云天明"
10087,-1,"智子","云天明"
10087,-1,"智子","程心"
10210,1,"深水王子","东方延绪"
10229,-1,"针眼画师","露珠公主"
10327,-1,"长帆","露珠公主"
10359,1,"长帆","露珠公主"
10438,-1,"露珠公主","深水王子"
10443,1,"深水王子","叶文洁"
10443,1,"露珠公主","叶文洁"
10443,1,"露珠公主","深水王子"
10458,1,"空灵画师","东方延绪"
10460,-1,"针眼画师","深水王子"
10463,-1,"露珠公主","深水王子"
10471,1,"露珠公主","深水王子"
10472,-1,"长帆","针眼画师"
10474,1,"长帆","露珠公主"
10496,-1,"长帆","露珠公主"
10497,1,"长帆","露珠公主"
10501,-1,"程心","云天明"
10501,-1,"露珠公主","云天明"
10501,-1,"露珠公主","程心"
10520,-1,"程心","云天明"
10520,-1,"深水王子","云天明"
10520,-1,"露珠公主","云天明"
10520,-1,"空灵画师","云天明"
10520,-1,"长帆","云天明"
10520,-1,"深水王子","程心"
10520,-1,"露珠公主","程心"
10520,-1,"空灵画师","程心"
10520,-1,"长帆","程心"
10520,-1,"露珠公主","深水王子"
10520,-1,"空灵画师","深水王子"
10520,-1,"长帆","深水王子"
10520,-1,"空灵画师","露珠公主"
10520,-1,"长帆","露珠公主"
10520,-1,"长帆","空灵画师"
10524,-1,"智子","云天明"
10570,1,"AA","程心"
10578,-1,"AA","程心"
10586,1,"AA","程心"
10591,1,"AA","程心"
10596,1,"AA","程心"
10599,-1,"程心","云天明"
10602,1,"AA","程心"
10604,1,"AA","程心"
10617,1,"AA","程心"
10623,-1,"智子","程心"
10643,1,"AA","程心"
10644,-1,"程心","云天明"
10655,-1,"曹彬","毕云峰"
10707,1,"曹彬","毕云峰"
10707,1,"AA","毕云峰"
10707,1,"巴勒莫","毕云峰"
10707,1,"AA","曹彬"
10707,1,"巴勒莫","曹彬"
10707,1,"巴勒莫","AA"
10708,1,"弗雷斯","程心"
10708,1,"杰森","程心"
10708,1,"杰森","弗雷斯"
10714,1,"杰森","云天明"
10728,1,"毕云峰","程心"
10728,1,"曹彬","程心"
10728,1,"AA","程心"
10728,1,"巴勒莫","程心"
10728,1,"杰森","程心"
10728,1,"曹彬","毕云峰"
10728,1,"AA","毕云峰"
10728,1,"巴勒莫","毕云峰"
10728,1,"杰森","毕云峰"
10728,1,"AA","曹彬"
10728,1,"巴勒莫","曹彬"
10728,1,"杰森","曹彬"
10728,1,"巴勒莫","AA"
10728,1,"杰森","AA"
10728,1,"杰森","巴勒莫"
10747,1,"杰森","AA"
10757,1,"杰森","程心"
10811,1,"程心","云天明"
10815,-1,"程心","云天明"
10815,-1,"AA","云天明"
10815,-1,"AA","程心"
10816,1,"程心","云天明"
10829,1,"AA","程心"
10838,1,"AA","程心"
10845,-1,"AA","程心"
10865,1,"AA","程心"
10869,-1,"AA","程心"
10873,-1,"AA","程心"
10886,-1,"智子","程心"
10889,1,"AA","程心"
10890,-1,"AA","程心"
10892,-1,"AA","程心"
10898,-1,"AA","程心"
10908,1,"AA","程心"
10912,-1,"AA","程心"
10914,-1,"AA","程心"
10922,-1,"AA","程心"
10932,1,"AA","程心"
10935,-1,"AA","程心"
10936,-1,"AA","程心"
10937,-1,"AA","程心"
10938,-1,"AA","程心"
10940,-1,"AA","程心"
10947,-1,"AA","程心"
10973,-1,"林格","斐兹罗"
10974,1,"林格","斐兹罗"
10982,-1,"威纳尔","瓦西里"
10982,-1,"阿历克塞","瓦西里"
10982,-1,"阿历克塞","威纳尔"
10995,1,"威纳尔","瓦西里"
10995,1,"阿历克塞","瓦西里"
10995,1,"阿历克塞","威纳尔"
10996,-1,"阿历克塞","瓦西里"
11005,-1,"威纳尔","瓦西里"
11005,-1,"阿历克塞","瓦西里"
11005,-1,"阿历克塞","威纳尔"
11035,1,"程心","云天明"
11043,1,"AA","程心"
11056,1,"维德","程心"
11057,1,"维德","程心"
11058,1,"维德","程心"
11075,-1,"维德","程心"
11077,-1,"维德","程心"
11079,-1,"维德","程心"
11085,1,"维德","程心"
11085,1,"追随者","程心"
11085,1,"追随者","维德"
11087,-1,"维德","程心"
11089,-1,"维德","程心"
11089,-1,"AA","程心"
11089,-1,"AA","维德"
11091,-1,"AA","程心"
11095,1,"维德","程心"
11108,-1,"维德","程心"
11109,1,"维德","程心"
11114,1,"维德","程心"
11118,-1,"维德","程心"
11118,-1,"AA","程心"
11118,-1,"AA","维德"
11120,-1,"AA","程心"
11137,-1,"程心","罗辑"
11153,1,"曹彬","程心"
11154,1,"曹彬","程心"
11156,-1,"曹彬","程心"
11158,1,"曹彬","程心"
11162,-1,"曹彬","程心"
11184,-1,"曹彬","程心"
11186,1,"曹彬","程心"
11194,1,"曹彬","程心"
11197,1,"曹彬","程心"
11203,-1,"曹彬","程心"
11209,-1,"曹彬","程心"
11220,-1,"曹彬","程心"
11226,1,"曹彬","程心"
11228,1,"曹彬","程心"
11229,1,"曹彬","程心"
11237,-1,"曹彬","程心"
11239,1,"曹彬","程心"
11240,-1,"曹彬","程心"
11241,1,"曹彬","程心"
11247,1,"曹彬","程心"
11258,-1,"曹彬","程心"
11266,-1,"曹彬","程心"
11267,-1,"曹彬","程心"
11278,-1,"曹彬","程心"
11279,-1,"曹彬","程心"
11282,-1,"曹彬","程心"
11289,1,"曹彬","程心"
11315,-1,"曹彬","程心"
11317,-1,"曹彬","程心"
11324,1,"维德","程心"
11324,1,"布莱尔","程心"
11324,1,"布莱尔","维德"
11326,1,"曹彬","程心"
11327,1,"AA","维德"
11334,1,"曹彬","维德"
11335,-1,"曹彬","程心"
11341,1,"曹彬","程心"
11354,1,"维德","程心"
11354,1,"毕云峰","程心"
11354,1,"毕云峰","维德"
11356,1,"维德","程心"
11356,1,"毕云峰","程心"
11356,1,"毕云峰","维德"
11357,1,"维德","程心"
11359,-1,"维德","程心"
11359,-1,"毕云峰","程心"
11359,-1,"曹彬","程心"
11359,-1,"智子","程心"
11359,-1,"毕云峰","维德"
11359,-1,"曹彬","维德"
11359,-1,"智子","维德"
11359,-1,"曹彬","毕云峰"
11359,-1,"智子","毕云峰"
11359,-1,"智子","曹彬"
11362,-1,"维德","程心"
11362,-1,"毕云峰","程心"
11362,-1,"毕云峰","维德"
11363,1,"维德","程心"
11365,-1,"维德","程心"
11365,-1,"毕云峰","程心"
11365,-1,"毕云峰","维德"
11383,-1,"维德","程心"
11388,-1,"维德","程心"
11391,-1,"维德","程心"
11401,-1,"维德","程心"
11403,-1,"维德","程心"
11406,-1,"维德","程心"
11408,-1,"维德","程心"
11408,-1,"毕云峰","程心"
11408,-1,"毕云峰","维德"
11410,-1,"维德","程心"
11413,-1,"维德","程心"
11421,1,"维德","程心"
11422,1,"维德","程心"
11430,-1,"维德","程心"
11433,1,"AA","程心"
11434,-1,"维德","程心"
11436,-1,"AA","程心"
11438,-1,"弗雷斯","智子"
11530,-1,"AA","程心"
11538,-1,"曹彬","程心"
11539,1,"毕云峰","程心"
11539,1,"曹彬","程心"
11539,1,"曹彬","毕云峰"
11543,-1,"曹彬","程心"
11547,1,"曹彬","程心"
11566,1,"阿历克塞","瓦西里"
11569,-1,"智子","丁仪"
11569,-1,"白艾思","丁仪"
11569,-1,"白艾思","智子"
11570,1,"阿历克塞","瓦西里"
11575,-1,"阿历克塞","瓦西里"
11601,1,"阿历克塞","瓦西里"
11605,-1,"阿历克塞","瓦西里"
11607,1,"阿历克塞","瓦西里"
11609,1,"阿历克塞","瓦西里"
11611,-1,"阿历克塞","瓦西里"
11629,1,"白艾思","丁仪"
11630,1,"白艾思","丁仪"
11633,-1,"白艾思","丁仪"
11635,-1,"白艾思","丁仪"
11637,-1,"白艾思","丁仪"
11648,-1,"白艾思","丁仪"
11652,-1,"白艾思","丁仪"
11655,-1,"白艾思","丁仪"
11657,-1,"阿历克塞","瓦西里"
11662,-1,"阿历克塞","瓦西里"
11666,1,"阿历克塞","瓦西里"
11674,-1,"阿历克塞","瓦西里"
11681,1,"阿历克塞","瓦西里"
11684,-1,"阿历克塞","瓦西里"
11714,-1,"阿历克塞","瓦西里"
11752,-1,"曹彬","程心"
11752,-1,"AA","程心"
11752,-1,"AA","曹彬"
11757,1,"AA","程心"
11768,1,"曹彬","程心"
11768,1,"AA","程心"
11768,1,"AA","曹彬"
11769,-1,"AA","程心"
11770,1,"AA","程心"
11775,1,"AA","程心"
11782,1,"AA","程心"
11784,1,"AA","程心"
11787,1,"AA","程心"
11795,-1,"程心","罗辑"
11795,-1,"AA","罗辑"
11795,-1,"AA","程心"
11797,1,"程心","罗辑"
11798,1,"程心","罗辑"
11804,1,"程心","罗辑"
11812,1,"萨伊","罗辑"
11812,1,"程心","罗辑"
11812,1,"程心","萨伊"
11815,1,"程心","萨伊"
11815,1,"维德","萨伊"
11815,1,"维德","程心"
11823,1,"AA","程心"
11851,-1,"程心","罗辑"
11857,1,"AA","程心"
11859,1,"AA","程心"
11871,-1,"AA","程心"
11875,-1,"程心","罗辑"
11878,1,"程心","罗辑"
11878,1,"AA","罗辑"
11878,1,"AA","程心"
11885,1,"AA","程心"
11887,1,"AA","程心"
11892,1,"AA","程心"
11923,1,"AA","罗辑"
11924,1,"程心","罗辑"
11924,1,"AA","罗辑"
11924,1,"AA","程心"
11936,1,"程心","罗辑"
11936,1,"AA","罗辑"
11936,1,"AA","程心"
11956,-1,"程心","罗辑"
11956,-1,"AA","罗辑"
11956,-1,"AA","程心"
11964,1,"程心","罗辑"
11965,-1,"AA","程心"
12009,-1,"程心","罗辑"
12009,-1,"AA","罗辑"
12009,-1,"AA","程心"
12010,1,"AA","程心"
12024,1,"AA","程心"
12026,-1,"AA","程心"
12027,-1,"维德","雷迪亚兹"
12034,-1,"曹彬","罗辑"
12039,1,"AA","程心"
12051,-1,"AA","程心"
12069,-1,"智子","程心"
12080,1,"维德","罗辑"
12082,1,"程心","罗辑"
12089,1,"维德","程心"
12094,-1,"AA","程心"
12095,-1,"AA","程心"
12099,1,"AA","程心"
12115,-1,"AA","程心"
12118,1,"AA","程心"
12123,-1,"AA","程心"
12128,-1,"AA","程心"
12134,-1,"AA","程心"
12140,-1,"维德","程心"
12140,-1,"AA","程心"
12140,-1,"AA","维德"
12141,1,"程心","云天明"
12141,1,"AA","云天明"
12141,1,"AA","程心"
12144,1,"AA","程心"
12150,-1,"AA","程心"
12154,1,"AA","程心"
12162,1,"AA","程心"
12168,1,"AA","程心"
12176,1,"云天明","东方延绪"
12219,1,"AA","程心"
12219,1,"关一帆","程心"
12219,1,"关一帆","AA"
12227,-1,"AA","程心"
12227,-1,"关一帆","程心"
12227,-1,"关一帆","AA"
12241,1,"AA","程心"
12241,1,"关一帆","程心"
12241,1,"关一帆","AA"
12242,-1,"AA","程心"
12245,1,"AA","程心"
12245,1,"关一帆","程心"
12245,1,"关一帆","AA"
12247,1,"AA","程心"
12248,1,"程心","云天明"
12252,1,"AA","程心"
12252,1,"关一帆","程心"
12252,1,"关一帆","AA"
12254,-1,"关一帆","AA"
12255,-1,"AA","程心"
12255,-1,"关一帆","程心"
12255,-1,"关一帆","AA"
12259,-1,"关一帆","程心"
12261,1,"关一帆","程心"
12268,1,"程心","云天明"
12268,1,"关一帆","云天明"
12268,1,"关一帆","程心"
12302,-1,"关一帆","程心"
12326,-1,"关一帆","程心"
12346,-1,"关一帆","程心"
12349,1,"关一帆","程心"
12350,1,"关一帆","程心"
12352,-1,"关一帆","程心"
12354,-1,"关一帆","程心"
12358,-1,"关一帆","程心"
12359,-1,"关一帆","程心"
12382,-1,"关一帆","程心"
12401,1,"关一帆","程心"
12408,-1,"关一帆","程心"
12429,-1,"关一帆","程心"
12431,-1,"关一帆","程心"
12432,1,"关一帆","程心"
12433,-1,"关一帆","程心"
12436,-1,"关一帆","程心"
12441,1,"关一帆","程心"
12454,-1,"程心","云天明"
12454,-1,"AA","云天明"
12454,-1,"AA","程心"
12457,-1,"关一帆","程心"
12462,-1,"关一帆","程心"
12474,1,"关一帆","程心"
12480,-1,"关一帆","程心"
12484,-1,"关一帆","程心"
12498,1,"关一帆","程心"
12501,1,"关一帆","程心"
12506,-1,"关一帆","程心"
12510,-1,"关一帆","程心"
12514,-1,"关一帆","程心"
12522,-1,"关一帆","程心"
12524,-1,"关一帆","程心"
12527,1,"关一帆","程心"
12530,1,"关一帆","程心"
12535,1,"关一帆","程心"
12545,-1,"关一帆","程心"
12547,-1,"云天明","叶文洁"
12547,-1,"程心","叶文洁"
12547,-1,"关一帆","叶文洁"
12547,-1,"程心","云天明"
12547,-1,"关一帆","云天明"
12547,-1,"关一帆","程心"
12555,-1,"关一帆","程心"
12563,1,"关一帆","程心"
12566,1,"关一帆","程心"
12573,-1,"关一帆","程心"
12580,1,"程心","云天明"
12580,1,"AA","云天明"
12580,1,"关一帆","云天明"
12580,1,"AA","程心"
12580,1,"关一帆","程心"
12580,1,"关一帆","AA"
12594,1,"关一帆","程心"
12604,-1,"关一帆","程心"
12605,-1,"关一帆","程心"
12610,1,"关一帆","程心"
12630,1,"程心","云天明"
12630,1,"关一帆","云天明"
12630,1,"关一帆","程心"
12631,-1,"关一帆","程心"
12636,-1,"关一帆","智子"
12638,1,"智子","程心"
12639,1,"智子","程心"
12639,1,"关一帆","程心"
12639,1,"关一帆","智子"
12644,1,"智子","程心"
12644,1,"关一帆","程心"
12644,1,"关一帆","智子"
12646,1,"智子","云天明"
12651,1,"程心","云天明"
12651,1,"AA","云天明"
12651,1,"智子","云天明"
12651,1,"关一帆","云天明"
12651,1,"AA","程心"
12651,1,"智子","程心"
12651,1,"关一帆","程心"
12651,1,"智子","AA"
12651,1,"关一帆","AA"
12651,1,"关一帆","智子"
12666,-1,"程心","云天明"
12666,-1,"AA","云天明"
12666,-1,"关一帆","云天明"
12666,-1,"AA","程心"
12666,-1,"关一帆","程心"
12666,-1,"关一帆","AA"
12670,-1,"AA","程心"
12670,-1,"关一帆","程心"
12670,-1,"关一帆","AA"
12673,1,"智子","程心"
12674,-1,"关一帆","程心"
12677,1,"关一帆","程心"
12678,1,"程心","云天明"
12678,1,"智子","云天明"
12678,1,"智子","程心"
12681,-1,"关一帆","AA"
12682,-1,"关一帆","程心"
12687,1,"关一帆","程心"
12693,1,"智子","程心"
12693,1,"关一帆","程心"
12693,1,"关一帆","智子"
12703,1,"关一帆","程心"
12704,1,"关一帆","程心"
12705,1,"关一帆","程心"
12717,1,"关一帆","程心"
12722,1,"关一帆","程心"
12728,1,"关一帆","程心"
12733,1,"智子","程心"
12733,1,"关一帆","程心"
12733,1,"关一帆","智子"
12736,-1,"关一帆","程心"
12741,1,"关一帆","程心"
12743,-1,"关一帆","程心"
12748,1,"智子","云天明"
12753,-1,"智子","程心"
12754,1,"智子","程心"
12772,-1,"智子","程心"
12772,-1,"关一帆","程心"
12772,-1,"关一帆","智子"
12773,1,"关一帆","程心"
12781,-1,"关一帆","程心"
12795,1,"关一帆","程心"
12797,1,"智子","程心"
12798,1,"关一帆","程心"
12800,1,"智子","程心"
12800,1,"关一帆","程心"
12800,1,"关一帆","智子"
